# Component forms that stand for another character; see scripts/build_han_components.py.
# source unicode-ucd: Unicode Character Database and Ideographic Variation Database; Unicode-3.0 (https://www.unicode.org/license.txt); Copyright Unicode, Inc.; Unicode License v3
# source cjkvi-variants: CJKVI Variants Database (cjkvi-variants); PD (https://github.com/cjkvi/cjkvi-variants/blob/e4f1da248c9737a243f9930b5dc497cef5d5ae16/cjkvi-variants.txt); 川幡太一, CJKVI Variants Database (cjkvi-variants)
#   unicode-ucd: https://www.unicode.org/Public/18.0.0/ucd/EquivalentUnifiedIdeograph.txt sha256:c86c80f6a0d1d47c; Kangxi Radicals by NFKC
#   cjkvi-variants: https://raw.githubusercontent.com/cjkvi/cjkvi-variants/e4f1da248c9737a243f9930b5dc497cef5d5ae16/radical-variants.txt
# columns: form, char, source, detail
# rows: 567
form	char	source	detail
⺁	厂	unicode-ucd	EquivalentUnifiedIdeograph
⺂	乛	unicode-ucd	EquivalentUnifiedIdeograph
⺃	乚	unicode-ucd	EquivalentUnifiedIdeograph
⺄	乙	unicode-ucd	EquivalentUnifiedIdeograph
⺅	亻	unicode-ucd	EquivalentUnifiedIdeograph
⺆	冂	unicode-ucd	EquivalentUnifiedIdeograph
⺇	𠘨	unicode-ucd	EquivalentUnifiedIdeograph
⺈	刀	unicode-ucd	EquivalentUnifiedIdeograph
⺉	刂	unicode-ucd	EquivalentUnifiedIdeograph
⺊	卜	unicode-ucd	EquivalentUnifiedIdeograph
⺋	㔾	unicode-ucd	EquivalentUnifiedIdeograph
⺌	小	unicode-ucd	EquivalentUnifiedIdeograph
⺍	小	unicode-ucd	EquivalentUnifiedIdeograph
⺎	兀	unicode-ucd	EquivalentUnifiedIdeograph
⺏	尣	unicode-ucd	EquivalentUnifiedIdeograph
⺐	尢	unicode-ucd	EquivalentUnifiedIdeograph
⺑	𡯂	unicode-ucd	EquivalentUnifiedIdeograph
⺒	巳	unicode-ucd	EquivalentUnifiedIdeograph
⺓	幺	unicode-ucd	EquivalentUnifiedIdeograph
⺔	彑	unicode-ucd	EquivalentUnifiedIdeograph
⺕	𫜹	unicode-ucd	EquivalentUnifiedIdeograph
⺖	忄	unicode-ucd	EquivalentUnifiedIdeograph
⺗	心	unicode-ucd	EquivalentUnifiedIdeograph
⺘	扌	unicode-ucd	EquivalentUnifiedIdeograph
⺙	攵	unicode-ucd	EquivalentUnifiedIdeograph
⺛	旡	unicode-ucd	EquivalentUnifiedIdeograph
⺜	日	unicode-ucd	EquivalentUnifiedIdeograph
⺝	月	unicode-ucd	EquivalentUnifiedIdeograph
⺞	歺	unicode-ucd	EquivalentUnifiedIdeograph
⺟	母	unicode-ucd	EquivalentUnifiedIdeograph
⺠	民	unicode-ucd	EquivalentUnifiedIdeograph
⺡	氵	unicode-ucd	EquivalentUnifiedIdeograph
⺢	氺	unicode-ucd	EquivalentUnifiedIdeograph
⺣	灬	unicode-ucd	EquivalentUnifiedIdeograph
⺤	爫	unicode-ucd	EquivalentUnifiedIdeograph
⺥	爫	unicode-ucd	EquivalentUnifiedIdeograph
⺦	丬	unicode-ucd	EquivalentUnifiedIdeograph
⺧	牛	unicode-ucd	EquivalentUnifiedIdeograph
⺨	犭	unicode-ucd	EquivalentUnifiedIdeograph
⺩	王	unicode-ucd	EquivalentUnifiedIdeograph
⺪	𤴔	unicode-ucd	EquivalentUnifiedIdeograph
⺫	目	unicode-ucd	EquivalentUnifiedIdeograph
⺬	示	unicode-ucd	EquivalentUnifiedIdeograph
⺭	礻	unicode-ucd	EquivalentUnifiedIdeograph
⺮	𥫗	unicode-ucd	EquivalentUnifiedIdeograph
⺯	糹	unicode-ucd	EquivalentUnifiedIdeograph
⺰	纟	unicode-ucd	EquivalentUnifiedIdeograph
⺱	罓	unicode-ucd	EquivalentUnifiedIdeograph
⺲	罒	unicode-ucd	EquivalentUnifiedIdeograph
⺳	㓁	unicode-ucd	EquivalentUnifiedIdeograph
⺴	冗	unicode-ucd	EquivalentUnifiedIdeograph
⺵	𦉫	unicode-ucd	EquivalentUnifiedIdeograph
⺶	羊	unicode-ucd	EquivalentUnifiedIdeograph
⺷	𦍌	unicode-ucd	EquivalentUnifiedIdeograph
⺸	𦍋	unicode-ucd	EquivalentUnifiedIdeograph
⺹	耂	unicode-ucd	EquivalentUnifiedIdeograph
⺺	肀	unicode-ucd	EquivalentUnifiedIdeograph
⺻	聿	unicode-ucd	EquivalentUnifiedIdeograph
⺼	肉	unicode-ucd	EquivalentUnifiedIdeograph
⺽	𦥑	unicode-ucd	EquivalentUnifiedIdeograph
⺾	艹	unicode-ucd	EquivalentUnifiedIdeograph
⺿	艹	unicode-ucd	EquivalentUnifiedIdeograph
⻀	艹	unicode-ucd	EquivalentUnifiedIdeograph
⻁	虎	unicode-ucd	EquivalentUnifiedIdeograph
⻂	衤	unicode-ucd	EquivalentUnifiedIdeograph
⻃	覀	unicode-ucd	EquivalentUnifiedIdeograph
⻄	西	unicode-ucd	EquivalentUnifiedIdeograph
⻅	见	unicode-ucd	EquivalentUnifiedIdeograph
⻆	角	unicode-ucd	EquivalentUnifiedIdeograph
⻇	𧢲	unicode-ucd	EquivalentUnifiedIdeograph
⻈	讠	unicode-ucd	EquivalentUnifiedIdeograph
⻉	贝	unicode-ucd	EquivalentUnifiedIdeograph
⻊	𧾷	unicode-ucd	EquivalentUnifiedIdeograph
⻋	车	unicode-ucd	EquivalentUnifiedIdeograph
⻌	辶	unicode-ucd	EquivalentUnifiedIdeograph
⻍	辶	unicode-ucd	EquivalentUnifiedIdeograph
⻎	辶	unicode-ucd	EquivalentUnifiedIdeograph
⻏	邑	unicode-ucd	EquivalentUnifiedIdeograph
⻐	钅	unicode-ucd	EquivalentUnifiedIdeograph
⻑	長	unicode-ucd	EquivalentUnifiedIdeograph
⻒	镸	unicode-ucd	EquivalentUnifiedIdeograph
⻓	长	unicode-ucd	EquivalentUnifiedIdeograph
⻔	门	unicode-ucd	EquivalentUnifiedIdeograph
⻕	𨸏	unicode-ucd	EquivalentUnifiedIdeograph
⻖	阝	unicode-ucd	EquivalentUnifiedIdeograph
⻗	雨	unicode-ucd	EquivalentUnifiedIdeograph
⻘	青	unicode-ucd	EquivalentUnifiedIdeograph
⻙	韦	unicode-ucd	EquivalentUnifiedIdeograph
⻚	页	unicode-ucd	EquivalentUnifiedIdeograph
⻛	风	unicode-ucd	EquivalentUnifiedIdeograph
⻜	飞	unicode-ucd	EquivalentUnifiedIdeograph
⻝	食	unicode-ucd	EquivalentUnifiedIdeograph
⻞	𩙿	unicode-ucd	EquivalentUnifiedIdeograph
⻟	飠	unicode-ucd	EquivalentUnifiedIdeograph
⻠	饣	unicode-ucd	EquivalentUnifiedIdeograph
⻡	𩠐	unicode-ucd	EquivalentUnifiedIdeograph
⻢	马	unicode-ucd	EquivalentUnifiedIdeograph
⻣	骨	unicode-ucd	EquivalentUnifiedIdeograph
⻤	鬼	unicode-ucd	EquivalentUnifiedIdeograph
⻥	鱼	unicode-ucd	EquivalentUnifiedIdeograph
⻦	鸟	unicode-ucd	EquivalentUnifiedIdeograph
⻧	卤	unicode-ucd	EquivalentUnifiedIdeograph
⻨	麦	unicode-ucd	EquivalentUnifiedIdeograph
⻩	黄	unicode-ucd	EquivalentUnifiedIdeograph
⻪	黾	unicode-ucd	EquivalentUnifiedIdeograph
⻫	斉	unicode-ucd	EquivalentUnifiedIdeograph
⻬	齐	unicode-ucd	EquivalentUnifiedIdeograph
⻭	歯	unicode-ucd	EquivalentUnifiedIdeograph
⻮	齿	unicode-ucd	EquivalentUnifiedIdeograph
⻯	竜	unicode-ucd	EquivalentUnifiedIdeograph
⻰	龙	unicode-ucd	EquivalentUnifiedIdeograph
⻱	龜	unicode-ucd	EquivalentUnifiedIdeograph
⻲	亀	unicode-ucd	EquivalentUnifiedIdeograph
⻳	龟	unicode-ucd	EquivalentUnifiedIdeograph
⼀	一	unicode-ucd	EquivalentUnifiedIdeograph
⼁	丨	unicode-ucd	EquivalentUnifiedIdeograph
⼂	丶	unicode-ucd	EquivalentUnifiedIdeograph
⼃	丿	unicode-ucd	EquivalentUnifiedIdeograph
⼄	乙	unicode-ucd	EquivalentUnifiedIdeograph
⼅	亅	unicode-ucd	EquivalentUnifiedIdeograph
⼆	二	unicode-ucd	EquivalentUnifiedIdeograph
⼇	亠	unicode-ucd	EquivalentUnifiedIdeograph
⼈	人	unicode-ucd	EquivalentUnifiedIdeograph
⼉	儿	unicode-ucd	EquivalentUnifiedIdeograph
⼊	入	unicode-ucd	EquivalentUnifiedIdeograph
⼋	八	unicode-ucd	EquivalentUnifiedIdeograph
⼌	冂	unicode-ucd	EquivalentUnifiedIdeograph
⼍	冖	unicode-ucd	EquivalentUnifiedIdeograph
⼎	冫	unicode-ucd	EquivalentUnifiedIdeograph
⼏	几	unicode-ucd	EquivalentUnifiedIdeograph
⼐	凵	unicode-ucd	EquivalentUnifiedIdeograph
⼑	刀	unicode-ucd	EquivalentUnifiedIdeograph
⼒	力	unicode-ucd	EquivalentUnifiedIdeograph
⼓	勹	unicode-ucd	EquivalentUnifiedIdeograph
⼔	匕	unicode-ucd	EquivalentUnifiedIdeograph
⼕	匚	unicode-ucd	EquivalentUnifiedIdeograph
⼖	匸	unicode-ucd	EquivalentUnifiedIdeograph
⼗	十	unicode-ucd	EquivalentUnifiedIdeograph
⼘	卜	unicode-ucd	EquivalentUnifiedIdeograph
⼙	卩	unicode-ucd	EquivalentUnifiedIdeograph
⼚	厂	unicode-ucd	EquivalentUnifiedIdeograph
⼛	厶	unicode-ucd	EquivalentUnifiedIdeograph
⼜	又	unicode-ucd	EquivalentUnifiedIdeograph
⼝	口	unicode-ucd	EquivalentUnifiedIdeograph
⼞	囗	unicode-ucd	EquivalentUnifiedIdeograph
⼟	土	unicode-ucd	EquivalentUnifiedIdeograph
⼠	士	unicode-ucd	EquivalentUnifiedIdeograph
⼡	夂	unicode-ucd	EquivalentUnifiedIdeograph
⼢	夊	unicode-ucd	EquivalentUnifiedIdeograph
⼣	夕	unicode-ucd	EquivalentUnifiedIdeograph
⼤	大	unicode-ucd	EquivalentUnifiedIdeograph
⼥	女	unicode-ucd	EquivalentUnifiedIdeograph
⼦	子	unicode-ucd	EquivalentUnifiedIdeograph
⼧	宀	unicode-ucd	EquivalentUnifiedIdeograph
⼨	寸	unicode-ucd	EquivalentUnifiedIdeograph
⼩	小	unicode-ucd	EquivalentUnifiedIdeograph
⼪	尢	unicode-ucd	EquivalentUnifiedIdeograph
⼫	尸	unicode-ucd	EquivalentUnifiedIdeograph
⼬	屮	unicode-ucd	EquivalentUnifiedIdeograph
⼭	山	unicode-ucd	EquivalentUnifiedIdeograph
⼮	巛	unicode-ucd	EquivalentUnifiedIdeograph
⼯	工	unicode-ucd	EquivalentUnifiedIdeograph
⼰	己	unicode-ucd	EquivalentUnifiedIdeograph
⼱	巾	unicode-ucd	EquivalentUnifiedIdeograph
⼲	干	unicode-ucd	EquivalentUnifiedIdeograph
⼳	幺	unicode-ucd	EquivalentUnifiedIdeograph
⼴	广	unicode-ucd	EquivalentUnifiedIdeograph
⼵	廴	unicode-ucd	EquivalentUnifiedIdeograph
⼶	廾	unicode-ucd	EquivalentUnifiedIdeograph
⼷	弋	unicode-ucd	EquivalentUnifiedIdeograph
⼸	弓	unicode-ucd	EquivalentUnifiedIdeograph
⼹	彐	unicode-ucd	EquivalentUnifiedIdeograph
⼺	彡	unicode-ucd	EquivalentUnifiedIdeograph
⼻	彳	unicode-ucd	EquivalentUnifiedIdeograph
⼼	心	unicode-ucd	EquivalentUnifiedIdeograph
⼽	戈	unicode-ucd	EquivalentUnifiedIdeograph
⼾	戶	unicode-ucd	EquivalentUnifiedIdeograph
⼿	手	unicode-ucd	EquivalentUnifiedIdeograph
⽀	支	unicode-ucd	EquivalentUnifiedIdeograph
⽁	攴	unicode-ucd	EquivalentUnifiedIdeograph
⽂	文	unicode-ucd	EquivalentUnifiedIdeograph
⽃	斗	unicode-ucd	EquivalentUnifiedIdeograph
⽄	斤	unicode-ucd	EquivalentUnifiedIdeograph
⽅	方	unicode-ucd	EquivalentUnifiedIdeograph
⽆	无	unicode-ucd	EquivalentUnifiedIdeograph
⽇	日	unicode-ucd	EquivalentUnifiedIdeograph
⽈	曰	unicode-ucd	EquivalentUnifiedIdeograph
⽉	月	unicode-ucd	EquivalentUnifiedIdeograph
⽊	木	unicode-ucd	EquivalentUnifiedIdeograph
⽋	欠	unicode-ucd	EquivalentUnifiedIdeograph
⽌	止	unicode-ucd	EquivalentUnifiedIdeograph
⽍	歹	unicode-ucd	EquivalentUnifiedIdeograph
⽎	殳	unicode-ucd	EquivalentUnifiedIdeograph
⽏	毋	unicode-ucd	EquivalentUnifiedIdeograph
⽐	比	unicode-ucd	EquivalentUnifiedIdeograph
⽑	毛	unicode-ucd	EquivalentUnifiedIdeograph
⽒	氏	unicode-ucd	EquivalentUnifiedIdeograph
⽓	气	unicode-ucd	EquivalentUnifiedIdeograph
⽔	水	unicode-ucd	EquivalentUnifiedIdeograph
⽕	火	unicode-ucd	EquivalentUnifiedIdeograph
⽖	爪	unicode-ucd	EquivalentUnifiedIdeograph
⽗	父	unicode-ucd	EquivalentUnifiedIdeograph
⽘	爻	unicode-ucd	EquivalentUnifiedIdeograph
⽙	爿	unicode-ucd	EquivalentUnifiedIdeograph
⽚	片	unicode-ucd	EquivalentUnifiedIdeograph
⽛	牙	unicode-ucd	EquivalentUnifiedIdeograph
⽜	牛	unicode-ucd	EquivalentUnifiedIdeograph
⽝	犬	unicode-ucd	EquivalentUnifiedIdeograph
⽞	玄	unicode-ucd	EquivalentUnifiedIdeograph
⽟	玉	unicode-ucd	EquivalentUnifiedIdeograph
⽠	瓜	unicode-ucd	EquivalentUnifiedIdeograph
⽡	瓦	unicode-ucd	EquivalentUnifiedIdeograph
⽢	甘	unicode-ucd	EquivalentUnifiedIdeograph
⽣	生	unicode-ucd	EquivalentUnifiedIdeograph
⽤	用	unicode-ucd	EquivalentUnifiedIdeograph
⽥	田	unicode-ucd	EquivalentUnifiedIdeograph
⽦	疋	unicode-ucd	EquivalentUnifiedIdeograph
⽧	疒	unicode-ucd	EquivalentUnifiedIdeograph
⽨	癶	unicode-ucd	EquivalentUnifiedIdeograph
⽩	白	unicode-ucd	EquivalentUnifiedIdeograph
⽪	皮	unicode-ucd	EquivalentUnifiedIdeograph
⽫	皿	unicode-ucd	EquivalentUnifiedIdeograph
⽬	目	unicode-ucd	EquivalentUnifiedIdeograph
⽭	矛	unicode-ucd	EquivalentUnifiedIdeograph
⽮	矢	unicode-ucd	EquivalentUnifiedIdeograph
⽯	石	unicode-ucd	EquivalentUnifiedIdeograph
⽰	示	unicode-ucd	EquivalentUnifiedIdeograph
⽱	禸	unicode-ucd	EquivalentUnifiedIdeograph
⽲	禾	unicode-ucd	EquivalentUnifiedIdeograph
⽳	穴	unicode-ucd	EquivalentUnifiedIdeograph
⽴	立	unicode-ucd	EquivalentUnifiedIdeograph
⽵	竹	unicode-ucd	EquivalentUnifiedIdeograph
⽶	米	unicode-ucd	EquivalentUnifiedIdeograph
⽷	糸	unicode-ucd	EquivalentUnifiedIdeograph
⽸	缶	unicode-ucd	EquivalentUnifiedIdeograph
⽹	网	unicode-ucd	EquivalentUnifiedIdeograph
⽺	羊	unicode-ucd	EquivalentUnifiedIdeograph
⽻	羽	unicode-ucd	EquivalentUnifiedIdeograph
⽼	老	unicode-ucd	EquivalentUnifiedIdeograph
⽽	而	unicode-ucd	EquivalentUnifiedIdeograph
⽾	耒	unicode-ucd	EquivalentUnifiedIdeograph
⽿	耳	unicode-ucd	EquivalentUnifiedIdeograph
⾀	聿	unicode-ucd	EquivalentUnifiedIdeograph
⾁	肉	unicode-ucd	EquivalentUnifiedIdeograph
⾂	臣	unicode-ucd	EquivalentUnifiedIdeograph
⾃	自	unicode-ucd	EquivalentUnifiedIdeograph
⾄	至	unicode-ucd	EquivalentUnifiedIdeograph
⾅	臼	unicode-ucd	EquivalentUnifiedIdeograph
⾆	舌	unicode-ucd	EquivalentUnifiedIdeograph
⾇	舛	unicode-ucd	EquivalentUnifiedIdeograph
⾈	舟	unicode-ucd	EquivalentUnifiedIdeograph
⾉	艮	unicode-ucd	EquivalentUnifiedIdeograph
⾊	色	unicode-ucd	EquivalentUnifiedIdeograph
⾋	艸	unicode-ucd	EquivalentUnifiedIdeograph
⾌	虍	unicode-ucd	EquivalentUnifiedIdeograph
⾍	虫	unicode-ucd	EquivalentUnifiedIdeograph
⾎	血	unicode-ucd	EquivalentUnifiedIdeograph
⾏	行	unicode-ucd	EquivalentUnifiedIdeograph
⾐	衣	unicode-ucd	EquivalentUnifiedIdeograph
⾑	襾	unicode-ucd	EquivalentUnifiedIdeograph
⾒	見	unicode-ucd	EquivalentUnifiedIdeograph
⾓	角	unicode-ucd	EquivalentUnifiedIdeograph
⾔	言	unicode-ucd	EquivalentUnifiedIdeograph
⾕	谷	unicode-ucd	EquivalentUnifiedIdeograph
⾖	豆	unicode-ucd	EquivalentUnifiedIdeograph
⾗	豕	unicode-ucd	EquivalentUnifiedIdeograph
⾘	豸	unicode-ucd	EquivalentUnifiedIdeograph
⾙	貝	unicode-ucd	EquivalentUnifiedIdeograph
⾚	赤	unicode-ucd	EquivalentUnifiedIdeograph
⾛	走	unicode-ucd	EquivalentUnifiedIdeograph
⾜	足	unicode-ucd	EquivalentUnifiedIdeograph
⾝	身	unicode-ucd	EquivalentUnifiedIdeograph
⾞	車	unicode-ucd	EquivalentUnifiedIdeograph
⾟	辛	unicode-ucd	EquivalentUnifiedIdeograph
⾠	辰	unicode-ucd	EquivalentUnifiedIdeograph
⾡	辵	unicode-ucd	EquivalentUnifiedIdeograph
⾢	邑	unicode-ucd	EquivalentUnifiedIdeograph
⾣	酉	unicode-ucd	EquivalentUnifiedIdeograph
⾤	釆	unicode-ucd	EquivalentUnifiedIdeograph
⾥	里	unicode-ucd	EquivalentUnifiedIdeograph
⾦	金	unicode-ucd	EquivalentUnifiedIdeograph
⾧	長	unicode-ucd	EquivalentUnifiedIdeograph
⾨	門	unicode-ucd	EquivalentUnifiedIdeograph
⾩	阜	unicode-ucd	EquivalentUnifiedIdeograph
⾪	隶	unicode-ucd	EquivalentUnifiedIdeograph
⾫	隹	unicode-ucd	EquivalentUnifiedIdeograph
⾬	雨	unicode-ucd	EquivalentUnifiedIdeograph
⾭	靑	unicode-ucd	EquivalentUnifiedIdeograph
⾮	非	unicode-ucd	EquivalentUnifiedIdeograph
⾯	面	unicode-ucd	EquivalentUnifiedIdeograph
⾰	革	unicode-ucd	EquivalentUnifiedIdeograph
⾱	韋	unicode-ucd	EquivalentUnifiedIdeograph
⾲	韭	unicode-ucd	EquivalentUnifiedIdeograph
⾳	音	unicode-ucd	EquivalentUnifiedIdeograph
⾴	頁	unicode-ucd	EquivalentUnifiedIdeograph
⾵	風	unicode-ucd	EquivalentUnifiedIdeograph
⾶	飛	unicode-ucd	EquivalentUnifiedIdeograph
⾷	食	unicode-ucd	EquivalentUnifiedIdeograph
⾸	首	unicode-ucd	EquivalentUnifiedIdeograph
⾹	香	unicode-ucd	EquivalentUnifiedIdeograph
⾺	馬	unicode-ucd	EquivalentUnifiedIdeograph
⾻	骨	unicode-ucd	EquivalentUnifiedIdeograph
⾼	高	unicode-ucd	EquivalentUnifiedIdeograph
⾽	髟	unicode-ucd	EquivalentUnifiedIdeograph
⾾	鬥	unicode-ucd	EquivalentUnifiedIdeograph
⾿	鬯	unicode-ucd	EquivalentUnifiedIdeograph
⿀	鬲	unicode-ucd	EquivalentUnifiedIdeograph
⿁	鬼	unicode-ucd	EquivalentUnifiedIdeograph
⿂	魚	unicode-ucd	EquivalentUnifiedIdeograph
⿃	鳥	unicode-ucd	EquivalentUnifiedIdeograph
⿄	鹵	unicode-ucd	EquivalentUnifiedIdeograph
⿅	鹿	unicode-ucd	EquivalentUnifiedIdeograph
⿆	麥	unicode-ucd	EquivalentUnifiedIdeograph
⿇	麻	unicode-ucd	EquivalentUnifiedIdeograph
⿈	黃	unicode-ucd	EquivalentUnifiedIdeograph
⿉	黍	unicode-ucd	EquivalentUnifiedIdeograph
⿊	黑	unicode-ucd	EquivalentUnifiedIdeograph
⿋	黹	unicode-ucd	EquivalentUnifiedIdeograph
⿌	黽	unicode-ucd	EquivalentUnifiedIdeograph
⿍	鼎	unicode-ucd	EquivalentUnifiedIdeograph
⿎	鼓	unicode-ucd	EquivalentUnifiedIdeograph
⿏	鼠	unicode-ucd	EquivalentUnifiedIdeograph
⿐	鼻	unicode-ucd	EquivalentUnifiedIdeograph
⿑	齊	unicode-ucd	EquivalentUnifiedIdeograph
⿒	齒	unicode-ucd	EquivalentUnifiedIdeograph
⿓	龍	unicode-ucd	EquivalentUnifiedIdeograph
⿔	龜	unicode-ucd	EquivalentUnifiedIdeograph
⿕	龠	unicode-ucd	EquivalentUnifiedIdeograph
㇆	𠃌	unicode-ucd	EquivalentUnifiedIdeograph
㇏	乀	unicode-ucd	EquivalentUnifiedIdeograph
㇐	一	unicode-ucd	EquivalentUnifiedIdeograph
㇑	丨	unicode-ucd	EquivalentUnifiedIdeograph
㇒	丿	unicode-ucd	EquivalentUnifiedIdeograph
㇓	丿	unicode-ucd	EquivalentUnifiedIdeograph
㇔	丶	unicode-ucd	EquivalentUnifiedIdeograph
㇕	𠃍	unicode-ucd	EquivalentUnifiedIdeograph
㇖	乛	unicode-ucd	EquivalentUnifiedIdeograph
㇗	𠃊	unicode-ucd	EquivalentUnifiedIdeograph
㇘	𠃎	unicode-ucd	EquivalentUnifiedIdeograph
㇙	𠄌	unicode-ucd	EquivalentUnifiedIdeograph
㇚	亅	unicode-ucd	EquivalentUnifiedIdeograph
㇛	𡿨	unicode-ucd	EquivalentUnifiedIdeograph
㇜	𠃋	unicode-ucd	EquivalentUnifiedIdeograph
㇝	乀	unicode-ucd	EquivalentUnifiedIdeograph
㇞	𠃑	unicode-ucd	EquivalentUnifiedIdeograph
㇟	乚	unicode-ucd	EquivalentUnifiedIdeograph
㇠	乙	unicode-ucd	EquivalentUnifiedIdeograph
㇡	𠄎	unicode-ucd	EquivalentUnifiedIdeograph
㓁	网	cjkvi-variants	radical-variant top
㣺	心	cjkvi-variants	radical-variant bottom
㸦	牙	cjkvi-variants	radical-variant
䍏	网	cjkvi-variants	radical-variant
䒑	艸	cjkvi-variants	radical-variant top
丬	爿	cjkvi-variants	radical-variant
乀	丿	cjkvi-variants	radical-variant
乁	丿	cjkvi-variants	radical-variant
乚	乙	cjkvi-variants	radical-variant
乛	乙	cjkvi-variants	radical-variant
乡	幺	cjkvi-variants	radical-variant
亻	人	cjkvi-variants	radical-variant left
刁	刀	cjkvi-variants	radical-variant
刂	刀	cjkvi-variants	radical-variant right
卤	鹵	cjkvi-variants	radical-variant-simplified
夨	大	cjkvi-variants	radical-variant
孑	子	cjkvi-variants	radical-variant
孒	子	cjkvi-variants	radical-variant
孓	子	cjkvi-variants	radical-variant
尣	尢	cjkvi-variants	radical-variant
巜	巛	cjkvi-variants	radical-variant
川	巛	cjkvi-variants	radical-variant
已	己	cjkvi-variants	radical-variant
巳	己	cjkvi-variants	radical-variant
彑	彐	cjkvi-variants	radical-variant
忄	心	cjkvi-variants	radical-variant
户	戶	cjkvi-variants	radical-variant
戸	戶	cjkvi-variants	radical-variant
扌	手	cjkvi-variants	radical-variant left
才	手	cjkvi-variants	radical-variant
攵	攴	cjkvi-variants	radical-variant right
朩	木	cjkvi-variants	radical-variant bottom
歺	歹	cjkvi-variants	radical-variant
毌	毋	cjkvi-variants	radical-variant
氵	水	cjkvi-variants	radical-variant left
氺	水	cjkvi-variants	radical-variant bottom
灬	火	cjkvi-variants	radical-variant bottom
爫	爪	cjkvi-variants	radical-variant top
牜	牛	cjkvi-variants	radical-variant left
犭	犬	cjkvi-variants	radical-variant left
王	玉	cjkvi-variants	radical-variant
甩	用	cjkvi-variants	radical-variant
由	田	cjkvi-variants	radical-variant
甲	田	cjkvi-variants	radical-variant
申	田	cjkvi-variants	radical-variant
甴	田	cjkvi-variants	radical-variant
电	田	cjkvi-variants	radical-variant
礻	示	cjkvi-variants	radical-variant left
糹	糸	cjkvi-variants	radical-variant left
纟	糸	cjkvi-variants	radical-variant-simplified left
罒	网	cjkvi-variants	radical-variant top
罓	网	cjkvi-variants	radical-variant
耂	老	cjkvi-variants	radical-variant
考	老	cjkvi-variants	radical-variant
肀	聿	cjkvi-variants	radical-variant
艹	艸	cjkvi-variants	radical-variant top
衤	衣	cjkvi-variants	radical-variant left
西	襾	cjkvi-variants	radical-variant
覀	襾	cjkvi-variants	radical-variant top
见	見	cjkvi-variants	radical-variant-simplified
訁	言	cjkvi-variants	radical-variant left
讠	言	cjkvi-variants	radical-variant-simplified left
贝	貝	cjkvi-variants	radical-variant-simplified
赱	走	cjkvi-variants	radical-variant
车	車	cjkvi-variants	radical-variant-simplified
辶	辵	cjkvi-variants	radical-variant left
釒	金	cjkvi-variants	radical-variant left
钅	金	cjkvi-variants	radical-variant-simplified left
镸	長	cjkvi-variants	radical-variant-simplified
长	長	cjkvi-variants	radical-variant-simplified
门	門	cjkvi-variants	radical-variant-simplified
阝	邑	cjkvi-variants	radical-variant right
青	靑	cjkvi-variants	radical-variant
靣	面	cjkvi-variants	radical-variant
韦	韋	cjkvi-variants	radical-variant-simplified
页	頁	cjkvi-variants	radical-variant-simplified
风	風	cjkvi-variants	radical-variant-simplified
飞	飛	cjkvi-variants	radical-variant-simplified
飠	食	cjkvi-variants	radical-variant left
饣	食	cjkvi-variants	radical-variant-simplified left
马	馬	cjkvi-variants	radical-variant-simplified
髙	高	cjkvi-variants	radical-variant
鱼	魚	cjkvi-variants	radical-variant-simplified
鸟	鳥	cjkvi-variants	radical-variant-simplified
麦	麥	cjkvi-variants	radical-variant
黄	黃	cjkvi-variants	radical-variant
黒	黑	cjkvi-variants	radical-variant
黾	黽	cjkvi-variants	radical-variant-simplified
鼔	鼓	cjkvi-variants	radical-variant
鼡	鼠	cjkvi-variants	radical-variant
齐	齊	cjkvi-variants	radical-variant-simplified
齿	齒	cjkvi-variants	radical-variant-simplified
龙	龍	cjkvi-variants	radical-variant-simplified
龟	龜	cjkvi-variants	radical-variant-simplified
龰	止	cjkvi-variants	radical-variant
龵	手	cjkvi-variants	radical-variant
艹	艸	cjkvi-variants	radical-variant top
𠂨	舟	cjkvi-variants	radical-variant
𠃉	乙	cjkvi-variants	radical-variant
𠃊	乙	cjkvi-variants	radical-variant
𠃋	乙	cjkvi-variants	radical-variant
𠃌	乙	cjkvi-variants	radical-variant
𠃍	乙	cjkvi-variants	radical-variant
𠃎	乙	cjkvi-variants	radical-variant
𠃑	乙	cjkvi-variants	radical-variant
𠄌	亅	cjkvi-variants	radical-variant
𠄞	二	cjkvi-variants	radical-variant
𠄟	二	cjkvi-variants	radical-variant
𠄠	二	cjkvi-variants	radical-variant
𠆢	人	cjkvi-variants	radical-variant top
𠋑	食	cjkvi-variants	radical-variant
𠔇	辵	cjkvi-variants	radical-variant
𠘧	几	cjkvi-variants	radical-variant
𠘨	几	cjkvi-variants	radical-variant
𠙴	凵	cjkvi-variants	radical-variant
𠚑	面	cjkvi-variants	radical-variant
𠚣	刀	cjkvi-variants	radical-variant
𠤎	匕	cjkvi-variants	radical-variant
𠤬	匚	cjkvi-variants	radical-variant
𠧸	鹵	cjkvi-variants	radical-variant
𡔷	鼓	cjkvi-variants	radical-variant
𡕒	夂	cjkvi-variants	radical-variant
𡤼	子	cjkvi-variants	radical-variant
𡭔	小	cjkvi-variants	radical-variant
𡯁	尢	cjkvi-variants	radical-variant
𡯂	尢	cjkvi-variants	radical-variant
𡰣	尸	cjkvi-variants	radical-variant
𡳾	屮	cjkvi-variants	radical-variant
𡿦	巛	cjkvi-variants	radical-variant
𡿨	巛	cjkvi-variants	radical-variant
𢉖	鹿	cjkvi-variants	radical-variant
𢌬	廾	cjkvi-variants	radical-variant
𢍺	弋	cjkvi-variants	radical-variant
𢎗	弓	cjkvi-variants	radical-variant
𢎘	弓	cjkvi-variants	radical-variant
𢖩	心	cjkvi-variants	radical-variant
𣁬	斗	cjkvi-variants	radical-variant
𣂑	斤	cjkvi-variants	radical-variant
𣎳	木	cjkvi-variants	radical-variant
𣎴	木	cjkvi-variants	radical-variant
𣥂	止	cjkvi-variants	radical-variant
𣦋	齒	cjkvi-variants	radical-variant
𣦵	歹	cjkvi-variants	radical-variant
𣦶	歹	cjkvi-variants	radical-variant
𣫬	毋	cjkvi-variants	radical-variant
𣬛	毛	cjkvi-variants	radical-variant
𣱱	水	cjkvi-variants	radical-variant
𤋳	魚	cjkvi-variants	radical-variant
𤓯	爪	cjkvi-variants	radical-variant
𤓰	爪	cjkvi-variants	radical-variant
𤕪	爿	cjkvi-variants	radical-variant
𤣥	玄	cjkvi-variants	radical-variant
𤣩	玉	cjkvi-variants	radical-variant left
𤮺	甘	cjkvi-variants	radical-variant
𤯓	生	cjkvi-variants	radical-variant
𤰒	田	cjkvi-variants	radical-variant
𤴓	疋	cjkvi-variants	radical-variant
𤴔	疋	cjkvi-variants	radical-variant
𥘅	示	cjkvi-variants	radical-variant
𥝌	禾	cjkvi-variants	radical-variant
𥤢	穴	cjkvi-variants	radical-variant
𥫗	竹	cjkvi-variants	radical-variant top
𦈢	缶	cjkvi-variants	radical-variant
𦉪	网	cjkvi-variants	radical-variant
𦉫	网	cjkvi-variants	radical-variant
𦉭	网	cjkvi-variants	radical-variant
𦉰	网	cjkvi-variants	radical-variant
𦍋	羊	cjkvi-variants	radical-variant
𦍌	羊	cjkvi-variants	radical-variant top
𦍍	羊	cjkvi-variants	radical-variant
𦓐	而	cjkvi-variants	radical-variant
𦓤	耒	cjkvi-variants	radical-variant
𦘒	聿	cjkvi-variants	radical-variant
𦣞	臣	cjkvi-variants	radical-variant
𦣹	自	cjkvi-variants	radical-variant
𦤳	至	cjkvi-variants	radical-variant
𦤴	至	cjkvi-variants	radical-variant
𦥑	臼	cjkvi-variants	radical-variant
𦥒	臼	cjkvi-variants	radical-variant
𦥓	臼	cjkvi-variants	radical-variant
𧘇	衣	cjkvi-variants	radical-variant partial
𧢲	角	cjkvi-variants	radical-variant
𧥛	言	cjkvi-variants	radical-variant
𧥜	言	cjkvi-variants	radical-variant
𧮫	谷	cjkvi-variants	radical-variant
𧰧	豕	cjkvi-variants	radical-variant partial
𧰨	豕	cjkvi-variants	radical-variant partial
𧺆	走	cjkvi-variants	radical-variant
𧾷	足	cjkvi-variants	radical-variant left
𨈏	身	cjkvi-variants	radical-variant
𨈐	身	cjkvi-variants	radical-variant
𨈑	身	cjkvi-variants	radical-variant
𨐋	辛	cjkvi-variants	radical-variant
𨑃	辰	cjkvi-variants	radical-variant
𨑄	辰	cjkvi-variants	radical-variant
𨙨	邑	cjkvi-variants	radical-variant
𨱗	長	cjkvi-variants	radical-variant
𨱘	長	cjkvi-variants	radical-variant
𨳇	門	cjkvi-variants	radical-variant
𨳈	門	cjkvi-variants	radical-variant
𨸏	阜	cjkvi-variants	radical-variant
𩑋	頁	cjkvi-variants	radical-variant
𩙱	飛	cjkvi-variants	radical-variant
𩙿	食	cjkvi-variants	radical-variant left
𩚀	食	cjkvi-variants	radical-variant
𩚁	食	cjkvi-variants	radical-variant
𩚃	食	cjkvi-variants	radical-variant
𩠐	首	cjkvi-variants	radical-variant
𩡧	馬	cjkvi-variants	radical-variant
𩰊	鬥	cjkvi-variants	radical-variant partial
𩰋	鬥	cjkvi-variants	radical-variant partial
𩵋	魚	cjkvi-variants	radical-variant
𪐗	黑	cjkvi-variants	radical-variant
𪔂	鼎	cjkvi-variants	radical-variant
𪗄	齊	cjkvi-variants	radical-variant
𪚦	龜	cjkvi-variants	radical-variant
𪛉	龜	cjkvi-variants	radical-variant
𫠉	馬	cjkvi-variants	radical-variant
𫠓	鳥	cjkvi-variants	radical-variant
