code_point	char	name	readings	jibo	jibo_code_point
U+1B001	𛀁	HIRAGANA LETTER ARCHAIC YE	𛀁	江	U+6C5F
U+1B002	𛀂	HENTAIGANA LETTER A-1	あ	安	U+5B89
U+1B003	𛀃	HENTAIGANA LETTER A-2	あ	愛	U+611B
U+1B004	𛀄	HENTAIGANA LETTER A-3	あ	阿	U+963F
U+1B005	𛀅	HENTAIGANA LETTER A-WO	あ/を	惡	U+60E1
U+1B006	𛀆	HENTAIGANA LETTER I-1	い	以	U+4EE5
U+1B007	𛀇	HENTAIGANA LETTER I-2	い	伊	U+4F0A
U+1B008	𛀈	HENTAIGANA LETTER I-3	い	意	U+610F
U+1B009	𛀉	HENTAIGANA LETTER I-4	い	移	U+79FB
U+1B00A	𛀊	HENTAIGANA LETTER U-1	う	宇	U+5B87
U+1B00B	𛀋	HENTAIGANA LETTER U-2	う	宇	U+5B87
U+1B00C	𛀌	HENTAIGANA LETTER U-3	う	憂	U+6182
U+1B00D	𛀍	HENTAIGANA LETTER U-4	う	有	U+6709
U+1B00E	𛀎	HENTAIGANA LETTER U-5	う	雲	U+96F2
U+1B00F	𛀏	HENTAIGANA LETTER E-2	え	盈	U+76C8
U+1B010	𛀐	HENTAIGANA LETTER E-3	え	縁	U+7E01
U+1B011	𛀑	HENTAIGANA LETTER E-4	え	衣	U+8863
U+1B012	𛀒	HENTAIGANA LETTER E-5	え	衣	U+8863
U+1B013	𛀓	HENTAIGANA LETTER E-6	え	要	U+8981
U+1B014	𛀔	HENTAIGANA LETTER O-1	お	於	U+65BC
U+1B015	𛀕	HENTAIGANA LETTER O-2	お	於	U+65BC
U+1B016	𛀖	HENTAIGANA LETTER O-3	お	隱	U+96B1
U+1B017	𛀗	HENTAIGANA LETTER KA-1	か	佳	U+4F73
U+1B018	𛀘	HENTAIGANA LETTER KA-2	か	加	U+52A0
U+1B019	𛀙	HENTAIGANA LETTER KA-3	か	可	U+53EF
U+1B01A	𛀚	HENTAIGANA LETTER KA-4	か	可	U+53EF
U+1B01B	𛀛	HENTAIGANA LETTER KA-5	か	嘉	U+5609
U+1B01C	𛀜	HENTAIGANA LETTER KA-6	か	我	U+6211
U+1B01D	𛀝	HENTAIGANA LETTER KA-7	か	歟	U+6B5F
U+1B01E	𛀞	HENTAIGANA LETTER KA-8	か	賀	U+8CC0
U+1B01F	𛀟	HENTAIGANA LETTER KA-9	か	閑	U+9591
U+1B020	𛀠	HENTAIGANA LETTER KA-10	か	香	U+9999
U+1B021	𛀡	HENTAIGANA LETTER KA-11	か	駕	U+99D5
U+1B022	𛀢	HENTAIGANA LETTER KA-KE	か/け	家	U+5BB6
U+1B023	𛀣	HENTAIGANA LETTER KI-1	き	喜	U+559C
U+1B024	𛀤	HENTAIGANA LETTER KI-2	き	幾	U+5E7E
U+1B025	𛀥	HENTAIGANA LETTER KI-3	き	幾	U+5E7E
U+1B026	𛀦	HENTAIGANA LETTER KI-4	き	支	U+652F
U+1B027	𛀧	HENTAIGANA LETTER KI-5	き	木	U+6728
U+1B028	𛀨	HENTAIGANA LETTER KI-6	き	祈	U+7948
U+1B029	𛀩	HENTAIGANA LETTER KI-7	き	貴	U+8CB4
U+1B02A	𛀪	HENTAIGANA LETTER KI-8	き	起	U+8D77
U+1B02B	𛀫	HENTAIGANA LETTER KU-1	く	久	U+4E45
U+1B02C	𛀬	HENTAIGANA LETTER KU-2	く	久	U+4E45
U+1B02D	𛀭	HENTAIGANA LETTER KU-3	く	九	U+4E5D
U+1B02E	𛀮	HENTAIGANA LETTER KU-4	く	供	U+4F9B
U+1B02F	𛀯	HENTAIGANA LETTER KU-5	く	倶	U+5036
U+1B030	𛀰	HENTAIGANA LETTER KU-6	く	具	U+5177
U+1B031	𛀱	HENTAIGANA LETTER KU-7	く	求	U+6C42
U+1B032	𛀲	HENTAIGANA LETTER KE-1	け	介	U+4ECB
U+1B033	𛀳	HENTAIGANA LETTER KE-2	け	介	U+4ECB
U+1B034	𛀴	HENTAIGANA LETTER KE-3	け	希	U+5E0C
U+1B035	𛀵	HENTAIGANA LETTER KE-4	け	氣	U+6C23
U+1B036	𛀶	HENTAIGANA LETTER KE-5	け	計	U+8A08
U+1B037	𛀷	HENTAIGANA LETTER KE-6	け	遣	U+9063
U+1B038	𛀸	HENTAIGANA LETTER KO-1	こ	古	U+53E4
U+1B039	𛀹	HENTAIGANA LETTER KO-2	こ	故	U+6545
U+1B03A	𛀺	HENTAIGANA LETTER KO-3	こ	許	U+8A31
U+1B03B	𛀻	HENTAIGANA LETTER KO-KI	こ/き	期	U+671F
U+1B03C	𛀼	HENTAIGANA LETTER SA-1	さ	乍	U+4E4D
U+1B03D	𛀽	HENTAIGANA LETTER SA-2	さ	佐	U+4F50
U+1B03E	𛀾	HENTAIGANA LETTER SA-3	さ	佐	U+4F50
U+1B03F	𛀿	HENTAIGANA LETTER SA-4	さ	左	U+5DE6
U+1B040	𛁀	HENTAIGANA LETTER SA-5	さ	差	U+5DEE
U+1B041	𛁁	HENTAIGANA LETTER SA-6	さ	散	U+6563
U+1B042	𛁂	HENTAIGANA LETTER SA-7	さ	斜	U+659C
U+1B043	𛁃	HENTAIGANA LETTER SA-8	さ	沙	U+6C99
U+1B044	𛁄	HENTAIGANA LETTER SI-1	し	之	U+4E4B
U+1B045	𛁅	HENTAIGANA LETTER SI-2	し	之	U+4E4B
U+1B046	𛁆	HENTAIGANA LETTER SI-3	し	事	U+4E8B
U+1B047	𛁇	HENTAIGANA LETTER SI-4	し	四	U+56DB
U+1B048	𛁈	HENTAIGANA LETTER SI-5	し	志	U+5FD7
U+1B049	𛁉	HENTAIGANA LETTER SI-6	し	新	U+65B0
U+1B04A	𛁊	HENTAIGANA LETTER SU-1	す	受	U+53D7
U+1B04B	𛁋	HENTAIGANA LETTER SU-2	す	壽	U+58FD
U+1B04C	𛁌	HENTAIGANA LETTER SU-3	す	數	U+6578
U+1B04D	𛁍	HENTAIGANA LETTER SU-4	す	數	U+6578
U+1B04E	𛁎	HENTAIGANA LETTER SU-5	す	春	U+6625
U+1B04F	𛁏	HENTAIGANA LETTER SU-6	す	春	U+6625
U+1B050	𛁐	HENTAIGANA LETTER SU-7	す	須	U+9808
U+1B051	𛁑	HENTAIGANA LETTER SU-8	す	須	U+9808
U+1B052	𛁒	HENTAIGANA LETTER SE-1	せ	世	U+4E16
U+1B053	𛁓	HENTAIGANA LETTER SE-2	せ	世	U+4E16
U+1B054	𛁔	HENTAIGANA LETTER SE-3	せ	世	U+4E16
U+1B055	𛁕	HENTAIGANA LETTER SE-4	せ	勢	U+52E2
U+1B056	𛁖	HENTAIGANA LETTER SE-5	せ	聲	U+8072
U+1B057	𛁗	HENTAIGANA LETTER SO-1	そ	所	U+6240
U+1B058	𛁘	HENTAIGANA LETTER SO-2	そ	所	U+6240
U+1B059	𛁙	HENTAIGANA LETTER SO-3	そ	曾	U+66FE
U+1B05A	𛁚	HENTAIGANA LETTER SO-4	そ	曾	U+66FE
U+1B05B	𛁛	HENTAIGANA LETTER SO-5	そ	楚	U+695A
U+1B05C	𛁜	HENTAIGANA LETTER SO-6	そ	蘇	U+8607
U+1B05D	𛁝	HENTAIGANA LETTER SO-7	そ	處	U+8655
U+1B05E	𛁞	HENTAIGANA LETTER TA-1	た	堂	U+5802
U+1B05F	𛁟	HENTAIGANA LETTER TA-2	た	多	U+591A
U+1B060	𛁠	HENTAIGANA LETTER TA-3	た	多	U+591A
U+1B061	𛁡	HENTAIGANA LETTER TA-4	た	當	U+7576
U+1B062	𛁢	HENTAIGANA LETTER TI-1	ち	千	U+5343
U+1B063	𛁣	HENTAIGANA LETTER TI-2	ち	地	U+5730
U+1B064	𛁤	HENTAIGANA LETTER TI-3	ち	智	U+667A
U+1B065	𛁥	HENTAIGANA LETTER TI-4	ち	知	U+77E5
U+1B066	𛁦	HENTAIGANA LETTER TI-5	ち	知	U+77E5
U+1B067	𛁧	HENTAIGANA LETTER TI-6	ち	致	U+81F4
U+1B068	𛁨	HENTAIGANA LETTER TI-7	ち	遲	U+9072
U+1B069	𛁩	HENTAIGANA LETTER TU-1	つ	川	U+5DDD
U+1B06A	𛁪	HENTAIGANA LETTER TU-2	つ	川	U+5DDD
U+1B06B	𛁫	HENTAIGANA LETTER TU-3	つ	津	U+6D25
U+1B06C	𛁬	HENTAIGANA LETTER TU-4	つ	都	U+90FD
U+1B06D	𛁭	HENTAIGANA LETTER TU-TO	つ/と	徒	U+5F92
U+1B06E	𛁮	HENTAIGANA LETTER TE-1	て	亭	U+4EAD
U+1B06F	𛁯	HENTAIGANA LETTER TE-2	て	低	U+4F4E
U+1B070	𛁰	HENTAIGANA LETTER TE-3	て	傳	U+50B3
U+1B071	𛁱	HENTAIGANA LETTER TE-4	て	天	U+5929
U+1B072	𛁲	HENTAIGANA LETTER TE-5	て	天	U+5929
U+1B073	𛁳	HENTAIGANA LETTER TE-6	て	天	U+5929
U+1B074	𛁴	HENTAIGANA LETTER TE-7	て	帝	U+5E1D
U+1B075	𛁵	HENTAIGANA LETTER TE-8	て	弖	U+5F16
U+1B076	𛁶	HENTAIGANA LETTER TE-9	て	轉	U+8F49
U+1B077	𛁷	HENTAIGANA LETTER TO-1	と	土	U+571F
U+1B078	𛁸	HENTAIGANA LETTER TO-2	と	度	U+5EA6
U+1B079	𛁹	HENTAIGANA LETTER TO-3	と	東	U+6771
U+1B07A	𛁺	HENTAIGANA LETTER TO-4	と	登	U+767B
U+1B07B	𛁻	HENTAIGANA LETTER TO-5	と	登	U+767B
U+1B07C	𛁼	HENTAIGANA LETTER TO-6	と	砥	U+7825
U+1B07D	𛁽	HENTAIGANA LETTER TO-RA	と/ら	等	U+7B49
U+1B07E	𛁾	HENTAIGANA LETTER NA-1	な	南	U+5357
U+1B07F	𛁿	HENTAIGANA LETTER NA-2	な	名	U+540D
U+1B080	𛂀	HENTAIGANA LETTER NA-3	な	奈	U+5948
U+1B081	𛂁	HENTAIGANA LETTER NA-4	な	奈	U+5948
U+1B082	𛂂	HENTAIGANA LETTER NA-5	な	奈	U+5948
U+1B083	𛂃	HENTAIGANA LETTER NA-6	な	菜	U+83DC
U+1B084	𛂄	HENTAIGANA LETTER NA-7	な	那	U+90A3
U+1B085	𛂅	HENTAIGANA LETTER NA-8	な	那	U+90A3
U+1B086	𛂆	HENTAIGANA LETTER NA-9	な	難	U+96E3
U+1B087	𛂇	HENTAIGANA LETTER NI-1	に	丹	U+4E39
U+1B088	𛂈	HENTAIGANA LETTER NI-2	に	二	U+4E8C
U+1B089	𛂉	HENTAIGANA LETTER NI-3	に	仁	U+4EC1
U+1B08A	𛂊	HENTAIGANA LETTER NI-4	に	兒	U+5152
U+1B08B	𛂋	HENTAIGANA LETTER NI-5	に	爾	U+723E
U+1B08C	𛂌	HENTAIGANA LETTER NI-6	に	爾	U+723E
U+1B08D	𛂍	HENTAIGANA LETTER NI-7	に	耳	U+8033
U+1B08E	𛂎	HENTAIGANA LETTER NI-TE	に/て	而	U+800C
U+1B08F	𛂏	HENTAIGANA LETTER NU-1	ぬ	努	U+52AA
U+1B090	𛂐	HENTAIGANA LETTER NU-2	ぬ	奴	U+5974
U+1B091	𛂑	HENTAIGANA LETTER NU-3	ぬ	怒	U+6012
U+1B092	𛂒	HENTAIGANA LETTER NE-1	ね	年	U+5E74
U+1B093	𛂓	HENTAIGANA LETTER NE-2	ね	年	U+5E74
U+1B094	𛂔	HENTAIGANA LETTER NE-3	ね	年	U+5E74
U+1B095	𛂕	HENTAIGANA LETTER NE-4	ね	根	U+6839
U+1B096	𛂖	HENTAIGANA LETTER NE-5	ね	熱	U+71B1
U+1B097	𛂗	HENTAIGANA LETTER NE-6	ね	禰	U+79B0
U+1B098	𛂘	HENTAIGANA LETTER NE-KO	ね/こ	子	U+5B50
U+1B099	𛂙	HENTAIGANA LETTER NO-1	の	乃	U+4E43
U+1B09A	𛂚	HENTAIGANA LETTER NO-2	の	濃	U+6FC3
U+1B09B	𛂛	HENTAIGANA LETTER NO-3	の	能	U+80FD
U+1B09C	𛂜	HENTAIGANA LETTER NO-4	の	能	U+80FD
U+1B09D	𛂝	HENTAIGANA LETTER NO-5	の	農	U+8FB2
U+1B09E	𛂞	HENTAIGANA LETTER HA-1	は	八	U+516B
U+1B09F	𛂟	HENTAIGANA LETTER HA-2	は	半	U+534A
U+1B0A0	𛂠	HENTAIGANA LETTER HA-3	は	婆	U+5A46
U+1B0A1	𛂡	HENTAIGANA LETTER HA-4	は	波	U+6CE2
U+1B0A2	𛂢	HENTAIGANA LETTER HA-5	は	盤	U+76E4
U+1B0A3	𛂣	HENTAIGANA LETTER HA-6	は	盤	U+76E4
U+1B0A4	𛂤	HENTAIGANA LETTER HA-7	は	破	U+7834
U+1B0A5	𛂥	HENTAIGANA LETTER HA-8	は	者	U+8005
U+1B0A6	𛂦	HENTAIGANA LETTER HA-9	は	者	U+8005
U+1B0A7	𛂧	HENTAIGANA LETTER HA-10	は	葉	U+8449
U+1B0A8	𛂨	HENTAIGANA LETTER HA-11	は	頗	U+9817
U+1B0A9	𛂩	HENTAIGANA LETTER HI-1	ひ	悲	U+60B2
U+1B0AA	𛂪	HENTAIGANA LETTER HI-2	ひ	日	U+65E5
U+1B0AB	𛂫	HENTAIGANA LETTER HI-3	ひ	比	U+6BD4
U+1B0AC	𛂬	HENTAIGANA LETTER HI-4	ひ	避	U+907F
U+1B0AD	𛂭	HENTAIGANA LETTER HI-5	ひ	非	U+975E
U+1B0AE	𛂮	HENTAIGANA LETTER HI-6	ひ	飛	U+98DB
U+1B0AF	𛂯	HENTAIGANA LETTER HI-7	ひ	飛	U+98DB
U+1B0B0	𛂰	HENTAIGANA LETTER HU-1	ふ	不	U+4E0D
U+1B0B1	𛂱	HENTAIGANA LETTER HU-2	ふ	婦	U+5A66
U+1B0B2	𛂲	HENTAIGANA LETTER HU-3	ふ	布	U+5E03
U+1B0B3	𛂳	HENTAIGANA LETTER HE-1	へ	倍	U+500D
U+1B0B4	𛂴	HENTAIGANA LETTER HE-2	へ	弊	U+5F0A
U+1B0B5	𛂵	HENTAIGANA LETTER HE-3	へ	弊	U+5F0A
U+1B0B6	𛂶	HENTAIGANA LETTER HE-4	へ	遍	U+904D
U+1B0B7	𛂷	HENTAIGANA LETTER HE-5	へ	邊	U+908A
U+1B0B8	𛂸	HENTAIGANA LETTER HE-6	へ	邊	U+908A
U+1B0B9	𛂹	HENTAIGANA LETTER HE-7	へ	部	U+90E8
U+1B0BA	𛂺	HENTAIGANA LETTER HO-1	ほ	保	U+4FDD
U+1B0BB	𛂻	HENTAIGANA LETTER HO-2	ほ	保	U+4FDD
U+1B0BC	𛂼	HENTAIGANA LETTER HO-3	ほ	報	U+5831
U+1B0BD	𛂽	HENTAIGANA LETTER HO-4	ほ	奉	U+5949
U+1B0BE	𛂾	HENTAIGANA LETTER HO-5	ほ	寶	U+5BF6
U+1B0BF	𛂿	HENTAIGANA LETTER HO-6	ほ	本	U+672C
U+1B0C0	𛃀	HENTAIGANA LETTER HO-7	ほ	本	U+672C
U+1B0C1	𛃁	HENTAIGANA LETTER HO-8	ほ	豐	U+8C50
U+1B0C2	𛃂	HENTAIGANA LETTER MA-1	ま	万	U+4E07
U+1B0C3	𛃃	HENTAIGANA LETTER MA-2	ま	末	U+672B
U+1B0C4	𛃄	HENTAIGANA LETTER MA-3	ま	末	U+672B
U+1B0C5	𛃅	HENTAIGANA LETTER MA-4	ま	滿	U+6EFF
U+1B0C6	𛃆	HENTAIGANA LETTER MA-5	ま	滿	U+6EFF
U+1B0C7	𛃇	HENTAIGANA LETTER MA-6	ま	萬	U+842C
U+1B0C8	𛃈	HENTAIGANA LETTER MA-7	ま	麻	U+9EBB
U+1B0C9	𛃉	HENTAIGANA LETTER MI-1	み	三	U+4E09
U+1B0CA	𛃊	HENTAIGANA LETTER MI-2	み	微	U+5FAE
U+1B0CB	𛃋	HENTAIGANA LETTER MI-3	み	美	U+7F8E
U+1B0CC	𛃌	HENTAIGANA LETTER MI-4	み	美	U+7F8E
U+1B0CD	𛃍	HENTAIGANA LETTER MI-5	み	美	U+7F8E
U+1B0CE	𛃎	HENTAIGANA LETTER MI-6	み	見	U+898B
U+1B0CF	𛃏	HENTAIGANA LETTER MI-7	み	身	U+8EAB
U+1B0D0	𛃐	HENTAIGANA LETTER MU-1	む	武	U+6B66
U+1B0D1	𛃑	HENTAIGANA LETTER MU-2	む	無	U+7121
U+1B0D2	𛃒	HENTAIGANA LETTER MU-3	む	牟	U+725F
U+1B0D3	𛃓	HENTAIGANA LETTER MU-4	む	舞	U+821E
U+1B0D4	𛃔	HENTAIGANA LETTER ME-1	め	免	U+514D
U+1B0D5	𛃕	HENTAIGANA LETTER ME-2	め	面	U+9762
U+1B0D6	𛃖	HENTAIGANA LETTER ME-MA	め/ま	馬	U+99AC
U+1B0D7	𛃗	HENTAIGANA LETTER MO-1	も	母	U+6BCD
U+1B0D8	𛃘	HENTAIGANA LETTER MO-2	も	毛	U+6BDB
U+1B0D9	𛃙	HENTAIGANA LETTER MO-3	も	毛	U+6BDB
U+1B0DA	𛃚	HENTAIGANA LETTER MO-4	も	毛	U+6BDB
U+1B0DB	𛃛	HENTAIGANA LETTER MO-5	も	茂	U+8302
U+1B0DC	𛃜	HENTAIGANA LETTER MO-6	も	裳	U+88F3
U+1B0DD	𛃝	HENTAIGANA LETTER YA-1	や	也	U+4E5F
U+1B0DE	𛃞	HENTAIGANA LETTER YA-2	や	也	U+4E5F
U+1B0DF	𛃟	HENTAIGANA LETTER YA-3	や	屋	U+5C4B
U+1B0E0	𛃠	HENTAIGANA LETTER YA-4	や	耶	U+8036
U+1B0E1	𛃡	HENTAIGANA LETTER YA-5	や	耶	U+8036
U+1B0E2	𛃢	HENTAIGANA LETTER YA-YO	や/よ	夜	U+591C
U+1B0E3	𛃣	HENTAIGANA LETTER YU-1	ゆ	游	U+6E38
U+1B0E4	𛃤	HENTAIGANA LETTER YU-2	ゆ	由	U+7531
U+1B0E5	𛃥	HENTAIGANA LETTER YU-3	ゆ	由	U+7531
U+1B0E6	𛃦	HENTAIGANA LETTER YU-4	ゆ	遊	U+904A
U+1B0E7	𛃧	HENTAIGANA LETTER YO-1	よ	代	U+4EE3
U+1B0E8	𛃨	HENTAIGANA LETTER YO-2	よ	余	U+4F59
U+1B0E9	𛃩	HENTAIGANA LETTER YO-3	よ	與	U+8207
U+1B0EA	𛃪	HENTAIGANA LETTER YO-4	よ	與	U+8207
U+1B0EB	𛃫	HENTAIGANA LETTER YO-5	よ	與	U+8207
U+1B0EC	𛃬	HENTAIGANA LETTER YO-6	よ	餘	U+9918
U+1B0ED	𛃭	HENTAIGANA LETTER RA-1	ら	羅	U+7F85
U+1B0EE	𛃮	HENTAIGANA LETTER RA-2	ら	良	U+826F
U+1B0EF	𛃯	HENTAIGANA LETTER RA-3	ら	良	U+826F
U+1B0F0	𛃰	HENTAIGANA LETTER RA-4	ら	良	U+826F
U+1B0F1	𛃱	HENTAIGANA LETTER RI-1	り	利	U+5229
U+1B0F2	𛃲	HENTAIGANA LETTER RI-2	り	利	U+5229
U+1B0F3	𛃳	HENTAIGANA LETTER RI-3	り	李	U+674E
U+1B0F4	𛃴	HENTAIGANA LETTER RI-4	り	梨	U+68A8
U+1B0F5	𛃵	HENTAIGANA LETTER RI-5	り	理	U+7406
U+1B0F6	𛃶	HENTAIGANA LETTER RI-6	り	里	U+91CC
U+1B0F7	𛃷	HENTAIGANA LETTER RI-7	り	離	U+96E2
U+1B0F8	𛃸	HENTAIGANA LETTER RU-1	る	流	U+6D41
U+1B0F9	𛃹	HENTAIGANA LETTER RU-2	る	留	U+7559
U+1B0FA	𛃺	HENTAIGANA LETTER RU-3	る	留	U+7559
U+1B0FB	𛃻	HENTAIGANA LETTER RU-4	る	留	U+7559
U+1B0FC	𛃼	HENTAIGANA LETTER RU-5	る	累	U+7D2F
U+1B0FD	𛃽	HENTAIGANA LETTER RU-6	る	類	U+985E
U+1B0FE	𛃾	HENTAIGANA LETTER RE-1	れ	禮	U+79AE
U+1B0FF	𛃿	HENTAIGANA LETTER RE-2	れ	禮	U+79AE
U+1B100	𛄀	HENTAIGANA LETTER RE-3	れ	連	U+9023
U+1B101	𛄁	HENTAIGANA LETTER RE-4	れ	麗	U+9E97
U+1B102	𛄂	HENTAIGANA LETTER RO-1	ろ	呂	U+5442
U+1B103	𛄃	HENTAIGANA LETTER RO-2	ろ	呂	U+5442
U+1B104	𛄄	HENTAIGANA LETTER RO-3	ろ	婁	U+5A41
U+1B105	𛄅	HENTAIGANA LETTER RO-4	ろ	樓	U+6A13
U+1B106	𛄆	HENTAIGANA LETTER RO-5	ろ	路	U+8DEF
U+1B107	𛄇	HENTAIGANA LETTER RO-6	ろ	露	U+9732
U+1B108	𛄈	HENTAIGANA LETTER WA-1	わ	倭	U+502D
U+1B109	𛄉	HENTAIGANA LETTER WA-2	わ	和	U+548C
U+1B10A	𛄊	HENTAIGANA LETTER WA-3	わ	和	U+548C
U+1B10B	𛄋	HENTAIGANA LETTER WA-4	わ	王	U+738B
U+1B10C	𛄌	HENTAIGANA LETTER WA-5	わ	王	U+738B
U+1B10D	𛄍	HENTAIGANA LETTER WI-1	ゐ	井	U+4E95
U+1B10E	𛄎	HENTAIGANA LETTER WI-2	ゐ	井	U+4E95
U+1B10F	𛄏	HENTAIGANA LETTER WI-3	ゐ	居	U+5C45
U+1B110	𛄐	HENTAIGANA LETTER WI-4	ゐ	爲	U+7232
U+1B111	𛄑	HENTAIGANA LETTER WI-5	ゐ	遺	U+907A
U+1B112	𛄒	HENTAIGANA LETTER WE-1	ゑ	惠	U+60E0
U+1B113	𛄓	HENTAIGANA LETTER WE-2	ゑ	衞	U+885E
U+1B114	𛄔	HENTAIGANA LETTER WE-3	ゑ	衞	U+885E
U+1B115	𛄕	HENTAIGANA LETTER WE-4	ゑ	衞	U+885E
U+1B116	𛄖	HENTAIGANA LETTER WO-1	を	乎	U+4E4E
U+1B117	𛄗	HENTAIGANA LETTER WO-2	を	乎	U+4E4E
U+1B118	𛄘	HENTAIGANA LETTER WO-3	を	尾	U+5C3E
U+1B119	𛄙	HENTAIGANA LETTER WO-4	を	緒	U+7DD2
U+1B11A	𛄚	HENTAIGANA LETTER WO-5	を	越	U+8D8A
U+1B11B	𛄛	HENTAIGANA LETTER WO-6	を	遠	U+9060
U+1B11C	𛄜	HENTAIGANA LETTER WO-7	を	遠	U+9060
U+1B11D	𛄝	HENTAIGANA LETTER N-MU-MO-1	ん/む/も	无	U+65E0
U+1B11E	𛄞	HENTAIGANA LETTER N-MU-MO-2	ん/む/も	无	U+65E0
U+1B11F	𛄟	HIRAGANA LETTER ARCHAIC WU	𛄟	汙	U+6C59
