# 平仮名字源 and 片仮名字源 of each single-kana article, Japanese Wikipedia (https://ja.wikipedia.org/wiki/<kana>);
# also_cited from the article 片仮名, section 字体の由来 (https://ja.wikipedia.org/wiki/片仮名), which records
# other theories for several katakana and 中田祝夫's critique of the traditional table.
# licence: CC-BY-SA-4.0 (https://ja.wikipedia.org/wiki/Wikipedia:ウィキペディアを二次利用する)
# attribution: Wikipedia 日本語版の執筆者, 各仮名の記事と「片仮名」（revision は各行）
# accessed: 2026-09-28
# rows: 94 from 48 articles
kana	origin	origin_code_point	field	source_text	revision	note	also_cited	also_cited_revision
あ	安	U+5B89	平仮名字源	安の草書体	111093562			
ア	阿	U+963F	片仮名字源	阿の偏	111093562	dropped the link [[MOLA]], which shows no Japanese		
い	以	U+4EE5	平仮名字源	以の草書体	111093068			
イ	伊	U+4F0A	片仮名字源	伊の偏	111093068			
う	宇	U+5B87	平仮名字源	宇の草書体	111093684			
ウ	宇	U+5B87	片仮名字源	宇の冠	111093684			
え	衣	U+8863	平仮名字源	衣の草書体	111093566			
エ	江	U+6C5F	片仮名字源	江の旁	111093566			
お	於	U+65BC	平仮名字源	於の草書体	111093640			
オ	於	U+65BC	片仮名字源	於の偏	111093640			
か	加	U+52A0	平仮名字源	加の草書体	111093584			
カ	加	U+52A0	片仮名字源	加の偏	111093584			
き	幾	U+5E7E	平仮名字源	幾の草書体	111093590			
キ	幾	U+5E7E	片仮名字源	幾の一部	111093590			
く	久	U+4E45	平仮名字源	久の草書体	111093597			
ク	久	U+4E45	片仮名字源	久の一部	111093597			
け	計	U+8A08	平仮名字源	計の草書体	111093586			
ケ	介	U+4ECB	片仮名字源	介の変形	111093586		个	111091231
こ	己	U+5DF1	平仮名字源	己の草書体	111093594			
コ	己	U+5DF1	片仮名字源	己の部分	111093594			
さ	左	U+5DE6	平仮名字源	左の草書体	111093654			
サ	散	U+6563	片仮名字源	散の部分	111093654			
し	之	U+4E4B	平仮名字源	之の草書体	111093660			
シ	之	U+4E4B	片仮名字源	之の部分	111093660			
す	寸	U+5BF8	平仮名字源	寸の草書体	111093664			
ス	須	U+9808	片仮名字源	須の部分	111093664			
せ	世	U+4E16	平仮名字源	世の草書体	111093656			
セ	世	U+4E16	片仮名字源	世の部分	111093656			
そ	曾	U+66FE	平仮名字源	曾の草書体	111093662			
ソ	曽	U+66FD	片仮名字源	曽の部分	111093662			
た	太	U+592A	平仮名字源	太の草書体	111093668			
タ	多	U+591A	片仮名字源	多の一部分	111093668			
ち	知	U+77E5	平仮名字源	知の草書体	111093672			
チ	千	U+5343	片仮名字源	千	111093672			
つ	州	U+5DDE	平仮名字源	州の草書体	111093682			
ツ	州	U+5DDE	片仮名字源	州の省略形	111093682		門 津	111091231
て	天	U+5929	平仮名字源	天の草書体	111093669			
テ	天	U+5929	片仮名字源	天の部分	111093669			
と	止	U+6B62	平仮名字源	止の草書体	111093678			
ト	止	U+6B62	片仮名字源	止の部分	111093678		外	111091231
な	奈	U+5948	平仮名字源	奈の草書体	111093621			
ナ	奈	U+5948	片仮名字源	奈の部分	111093621			
に	仁	U+4EC1	平仮名字源	仁の草書体	111093627			
ニ	二	U+4E8C	片仮名字源	二	111093627			
ぬ	奴	U+5974	平仮名字源	奴の草書体	111093632			
ヌ	奴	U+5974	片仮名字源	奴の旁	111093632			
ね	祢	U+7962	平仮名字源	祢の草書体	111093624			
ネ	祢	U+7962	片仮名字源	祢の偏	111093624			
の	乃	U+4E43	平仮名字源	乃の草書体	111093629			
ノ	乃	U+4E43	片仮名字源	乃	111093629			
は	波	U+6CE2	平仮名字源	波の草書体	111093569			
ハ	八	U+516B	片仮名字源	八	111093569			
ひ	比	U+6BD4	平仮名字源	比の草書体	111093577			
ヒ	比	U+6BD4	片仮名字源	比の旁	111093577			
ふ	不	U+4E0D	平仮名字源	不の草書体	111093582			
フ	不	U+4E0D	片仮名字源	不の部分	111093582			
へ	部	U+90E8	平仮名字源	部の草書体	111093576			
ヘ	部	U+90E8	片仮名字源	部の旁	111093576			
ほ	保	U+4FDD	平仮名字源	保の草書体	111093579			
ホ	保	U+4FDD	片仮名字源	保の部分	111093579			
ま	末	U+672B	平仮名字源	末の草書体	111093599			
マ	万	U+4E07	片仮名字源	万の部分	111093599			
み	美	U+7F8E	平仮名字源	美の草書体	111093606			
ミ	三	U+4E09	片仮名字源	三	111093606			
む	武	U+6B66	平仮名字源	武の草書体	111093609			
ム	牟	U+725F	片仮名字源	牟の部分	111093609			
め	女	U+5973	平仮名字源	女の草書体	111093605			
メ	女	U+5973	片仮名字源	女の部分	111093605			
も	毛	U+6BDB	平仮名字源	毛の草書体	111093608			
モ	毛	U+6BDB	片仮名字源	毛の部分	111093608			
や	也	U+4E5F	平仮名字源	也の草書体	111093698			
ヤ	也	U+4E5F	片仮名字源	也の草書体	111093698			
ゆ	由	U+7531	平仮名字源	由の草書体	111093561			
ユ	弓	U+5F13	片仮名字源	弓の部分	111093561			
よ	与	U+4E0E	平仮名字源	与の草書体	111093699			
ヨ	与	U+4E0E	片仮名字源	与の部分	111093699			
ら	良	U+826F	平仮名字源	良の草書体	111093642			
ラ	良	U+826F	片仮名字源	良の部分	111093642			
り	利	U+5229	平仮名字源	利の草書体	111093645			
リ	利	U+5229	片仮名字源	利の旁	111093645			
る	留	U+7559	平仮名字源	留の草書体	111093652			
ル	流	U+6D41	片仮名字源	流の部分	111093652			
れ	礼	U+793C	平仮名字源	礼の草書体	111093644			
レ	礼	U+793C	片仮名字源	礼の旁	111093644			
ろ	呂	U+5442	平仮名字源	呂の草書体	111093646			
ロ	呂	U+5442	片仮名字源	呂の部分	111093646			
わ	和	U+548C	平仮名字源	和の草書体	111093686			
ゐ	為	U+70BA	平仮名字源	為の草書体	111093693			
ヰ	井	U+4E95	片仮名字源	井の変形	111093693			
ゑ	惠	U+60E0	平仮名字源	惠の草書体	111093688			
ヱ	衛	U+885B	片仮名字源	衛の略字体	111093688		慧	111091231
を	遠	U+9060	平仮名字源	遠の草書体	111093695			
ヲ	乎	U+4E4E	片仮名字源	乎の変形	111093695			
ん	无	U+65E0	平仮名字源	无の草書体	111093615			
