# Spellings of a word, read off the 振り仮名 of the みんなで翻刻 transcriptions; see src/glyph_atlas/ruby_spellings.py.
# source honkoku-data: みんなで翻刻データ; CC-BY-SA-4.0 (https://github.com/yuta1984/honkoku-data); みんなで翻刻（https://honkoku.org/）翻刻データ, CC BY-SA 4.0
#   revision be63dc209b65ed81d1f51ea5cd10bc09be261640, v3 only (v1 is carried into v3 as project honkokuv1)
#   crowd transcriptions: 1.5 errors or spelling inconsistencies per 100 characters in a 100,000-character expert audit (https://repository.kulib.kyoto-u.ac.jp/dspace/handle/2433/233817); transcribers type modern forms, and the markup guide does not say whether a 振り仮名 is on the page
# examples: project/entry/page:line, one per entry; a page reads at https://app.honkoku.org/transcription/{entry}/{page}
reading	spelling	code_points	documents	occurrences	projects	ruby	examples
およそ	凡	U+51E1	155	418	16	およそ / オヨソ	KUL/1B34F274416417AE9D3150399864C493/55:10 berabou/242f1093c6bb9b29745c36bd75a0b67c/24:2 code4libjp/0AEE874FB6D5447744AF438BEE410AA1/85:9 cooking/001E3C19A3E626EC382F86D201FEFB8C/26:12 cooking/0E1D76C249C4E0E52A3D34F9E68389BB/86:3
およそ	凢	U+51E2	9	24	5	およそ	cooking/01B2DDFF1999372C0CC2246553614F0D/40:7 gakugei/6783820BC222545956F461CAEB3FF858/160:8 gakugei/8487C3A1E0BFCFF0C3102574E7F35B05/8:16 gakugei/B1281F14AF5BFA25D89FDCCBFC2FD45C/130:26 galica/E8FD1D4F73B23F58CAFBA9CC029B763E/16:3
およそ	約	U+7D04	5	9	1	およそ	honkokuv1/0e2c745b547658e2826174624b58c9c5/10:95 honkokuv1/666d2690f8d0b5d770a7e839373526ee/10:33 honkokuv1/7c040f2cdcc6efa611144fc16a69485a/15:23 honkokuv1/832a01dee4dfafb4d18c1ab4a645a4b0/26:43 honkokuv1/95e42ac654056dd9cc379f02b0c60e11/18:53
およそ	大約	U+5927 U+7D04	4	4	3	およそ / オヨソ	epidemic/93802393E11D63F23E248A023A57D64D/20:21 galica/21AA4EF1C04ECD903361D8CCD3AF9C8D/76:1 honkokuv1/c62066979cd85f26b76d361f41884d70/34:19 honkokuv1/e542161413fd82db9919b160fa7db709/34:18
およそ	大-凡	U+5927 U+002D U+51E1	1	2	1	オヨソ	iryotoyojo/8B44BAA8EC7AF5CFC354C64598FFBA72/136:12
およそ	大凡	U+5927 U+51E1	1	2	1	およそ	gakugei/B1281F14AF5BFA25D89FDCCBFC2FD45C/35:26
およそ	也凡	U+4E5F U+51E1	1	1	1	オヨソ	gakugei/41822554C311CAE662A8DE236D7EDB7A/12:3
およそ	事凡	U+4E8B U+51E1	1	1	1	およそ	KUL/AEA36FD5977818C41E7150431818EA87/48:13
およそ	大凢	U+5927 U+51E2	1	1	1	オヨソ	ryukyu/009D18A8ACFF2B3CB8DF686E61FB1A40/6:11
およそ	概	U+6982	1	1	1	およそ	honkokuv1/1492099a46f11379b5c2184a932b967a/14:19
さて	扨	U+6268	144	651	17	さて / サテ / さて　	KUL/1B34F274416417AE9D3150399864C493/55:9 MugenHanbeHenn/5e418f0ca8d9a150ee92427b8b94326c/18:2 berabou/5434390b413adda73beaa0881ca9f1b2/9:7 berabou/93ded5e1424dde5e6f1ecac7456f8e1c/30:10 code4libjp/0AEE874FB6D5447744AF438BEE410AA1/16:5
さて	偖	U+5056	39	167	9	さて / サテ	code4libjp/3267947BFA815D17A999C72B81DBD62C/68:2 dafukui/9E3A0E91E637EC4701B14CB5DA0F050E/30:7 epidemic/0D753BBFA099948C2D2BF32EE06CF4FE/11:12 epidemic/30B2D77B4AF206375F6B34A7E9CEB345/5:14 epidemic/76E2FE243E8C1AAFEADD6E2D0277E88A/22:9
さて	扠	U+6260	2	11	2	さて	KUL/AEA36FD5977818C41E7150431818EA87/6:5 galica/5FF36E6155B08F401F626F3423CB9911/50:7
さて	却	U+5374	2	2	1	サテ / さて	galica/21AA4EF1C04ECD903361D8CCD3AF9C8D/24:3 galica/DE0C50F58AC20426D63AECD93A7FCC2F/51:5
さて	且	U+4E14	1	5	1	さて	iryotoyojo/00448BC363D27A545D634471DCC80475/7:12
さて	却説	U+5374 U+8AAC	1	3	1	さて	honkokuv1/4c1cb10398fa6eb7d7dfef447cb513a3/8:14
さて	又手	U+53C8 U+624B	1	1	1	サテ	honkokuv1/c00e0150e70ef40a27167c6f824d2f34/18:2
さて	狭手	U+72ED U+624B	1	1	1	サテ	galica/A92F0BD5002B42DBD54F497C3044C038/65:4
さて	猪	U+732A	1	1	1	さて	honkokuv1/aa90b3421ea377679c7c87452ecd22fe/53:30
さて	立	U+7ACB	1	1	1	さて	gakugei/E47B2C9967B91ED8CBCA5F05EF847C2B/40:8
さて	置扨	U+7F6E U+6268	1	1	1	さて	jinkouki/fd0053f218b9e1e69f9c275ac3e11c37/93:4
すなはち	則	U+5247	144	467	21	すなはち / スナハチ / すなハち	KUL/1B34F274416417AE9D3150399864C493/135:7 KUL/AEA36FD5977818C41E7150431818EA87/18:9 berabou/0d8090ee573f4624990f67b2cbb6bb8e/9:4 berabou/40697238935e0ea1b39a9b4a74c9435e/4:7 berabou/60ef31f2e6c58bf4de33d4e75b398a0d/9:3
すなはち	即	U+5373	104	301	17	すなはち / スナハチ	berabou/0d8090ee573f4624990f67b2cbb6bb8e/36:8 berabou/f66f42352d710b0a66eb8b81e1fdc81c/3:20 chinjuh/ead4df9f02ef23670fc601edd4a259af/5:9 code4libjp/0AEE874FB6D5447744AF438BEE410AA1/71:8 cooking/74525EDE239B2393A88168F303F95CE5/20:6
すなはち	乃	U+4E43	24	44	6	すなはち / スナハチ	gakugei/235A7EB0F0A629ECA83BD867A7A60663/15:33 gakugei/38E64CA25DB873D2854E760F69DD13E8/32:8 gakugei/3A4293B76CA3D33A6BB50C288A4030FE/49:22 gakugei/41822554C311CAE662A8DE236D7EDB7A/13:14 gakugei/712D9F517D357980C7FFBAAF66364CF0/37:19
すなはち	便	U+4FBF	9	10	6	すなはち / スナハチ	epidemic/29459A65EA28474409B665B5D1D611FB/17:6 gakugei/6385805C0C43BCF875752AAD59788ED7/50:13 gakugei/C469DD540CC4E341F8D4B0A4ADEB80EE/10:10 galica/E4334EDC31D8EA6162CBC886290D1C6E/24:10 galica/E9CE072CFB17606E29EA8BBCF6C79400/210:8
すなはち	廼	U+5EFC	5	5	3	すなはち / スナハチ	berabou/a16fd7db88d1fd4a22ef79be8faeb001/3:15 berabou/c3e512d67258a07490d4dfba73676be6/3:2 berabou/ddc25af80c9c408a2e3d6ca3a7bff213/2:11 gakugei/C15C6AAF984160A42985C6A6D2923B6A/39:11 industry/2F08DEF3136E4E2F0B37E91E91AAE41D/7:10
すなはち	輒	U+8F12	2	4	2	すなはち	cooking/74525EDE239B2393A88168F303F95CE5/30:1 iryotoyojo/23B3500910C33ED5B12FDA83D62E8F7B/24:20
すなはち	輙	U+8F19	2	2	2	すなはち / スナハチ	galica/6CA015893A8AA3671E1A68095233A4D1/48:8 ina/9401B6E1D1D0A0D3840093D6D7218098/7:3
すなはち	也即	U+4E5F U+5373	1	1	1	すなはち	kirishitan/1A42865FEA4DE554263BDE21CF8871BE/59:5
すなはち	是則	U+662F U+5247	1	1	1	すなはち	honkokuv1/5e50fed5fc5cac7ceb33e8bdb5450f07/8:3
すなはち	曽	U+66FD	1	1	1	すなはち	gakugei/8E16C76F647DEA25E53FA32D98AF2494/13:6
すなはち	載	U+8F09	1	1	1	すなはち	gakugei/456532535B361A2402E84FDD7DE87C1F/13:3
すなわち	則	U+5247	18	23	11	すなわち / スナワチ	KUL/AEA36FD5977818C41E7150431818EA87/57:9 KUL/D262EA9A91D13866DE82F22E055D6B30/22:4 berabou/1d6b56ae06191049957eb08cea45daa9/3:7 berabou/7e7446956f9e801dbb510a04cf5cb221/3:5 chinjuh/467258918a4264fcb78bd7b58f164bd4/2:14
すなわち	即	U+5373	14	20	7	すなわち	cooking/74525EDE239B2393A88168F303F95CE5/15:5 epidemic/A9BDBE38B57817A1026CC0175499EA40/3:17 epidemic/E18ECC5363B3C8B18853AD0DD2CE3790/3:14 epidemic/E8AD129872FED997E6DDB5141DA9E2D7/68:14 epidemic/F50EEE10744167294A322A7422E6ED27/19:5
なお	直	U+76F4	6	7	4	なお	galica/FAAF7E83F180FBDDBEC289C1FEE69900/13:6 honkokuv1/3aa7ccb80b7296ce77acc27c22140e23/9:9 honkokuv1/e5453ea98b2310bf478509b1d388c62b/15:7 iryotoyojo/851C689A629089E5D5CF59229114B6DD/47:3 iryotoyojo/C23A6694848C37F8A76F64A7A7A67DBA/5:4
なお	猶	U+7336	6	6	4	なお / ナオ	honkokuv1/910b88edecf12a287f203c32a9e54d58/2:9 honkokuv1/e7efb8882f3c8200ebde1afc2ffa661f/38:5 iryotoyojo/A18E2D29AAE71EB1FC0F62CD1A3778AE/3:1 ishimoto/1A53018686DABB4FCE99DCE6D00072A2/1:12 ishimoto/23D20EACD9240CCC91F202DC4AFBBCEA/1:72
なお	尚	U+5C1A	3	3	3	なお	code4libjp/0AEE874FB6D5447744AF438BEE410AA1/41:29 honkokuv1/de6053c38c80b0a17753d21d4caa20c6/16:7 kusazoushi/20BF27DE1F1C0075D622342B974A3386/4:3
なお	整	U+6574	1	1	1	なお	galica/128F934B31E5FD49D6A7D482884EF0BE/48:8
なお	治	U+6CBB	1	1	1	なお	honkokuv1/9d1c137a01567c06cec1412fdfc725c1/15:1
なお	転	U+8EE2	1	1	1	なお	iryotoyojo/E6726FE00584536E4644BFF7169AD3B1/61:19
なと	抔	U+6294	34	77	7	なと / ナト	KUL/D262EA9A91D13866DE82F22E055D6B30/13:16 cooking/1D0C0B360849AD8A50725342A50434BF/67:19 cooking/B7B8D4E48A5270A5A9660A5790907EFA/10:22 cooking/C3146E677CBE5A606B0ACA37DF5ABD29/5:83 cooking/F49CEC74E42005CFEA0C538B95EEF1FD/38:10
なと	等	U+7B49	11	15	5	なと / ナト	epidemic/193B92ED4EB14D162C0334A00BD05235/14:15 epidemic/E8AD129872FED997E6DDB5141DA9E2D7/33:7 gakugei/346016D3BD3173DEAE979A550AD63DF7/14:17 gakugei/7BA79EA39E75F4C97793C336C09DE209/26:16 gakugei/9E7921B2AC233A112E2066C4D184EC1D/55:5
なと	杯	U+676F	2	2	2	なと	gakugei/85CA6CEFEA396E80C0039E30C25404BB/38:31 honkokuv1/0f9b2ac7d94055a239ce0b9a75d1c577/5:10
なと	当	U+5F53	1	1	1	なと	honkokuv1/ceebffa5b7067bec607f206862c418a3/74:18
なと	檀	U+6A80	1	1	1	なと	galica/1C36A63FB05A3BF7BA776F1612787CC6/125:12
など	抔	U+6294	76	188	14	など / ナド	KUL/1B34F274416417AE9D3150399864C493/124:13 KUL/AEA36FD5977818C41E7150431818EA87/22:18 code4libjp/0AEE874FB6D5447744AF438BEE410AA1/185:18 cooking/02450F63DF50442EFF44E383A78C3E09/27:2 cooking/1D0C0B360849AD8A50725342A50434BF/62:27
など	等	U+7B49	40	122	12	など / ナド / 　など　	code4libjp/0AEE874FB6D5447744AF438BEE410AA1/48:35 code4libjp/3267947BFA815D17A999C72B81DBD62C/10:4 cooking/01B2DDFF1999372C0CC2246553614F0D/8:13 cooking/02450F63DF50442EFF44E383A78C3E09/37:29 cooking/93596E37069A7F7EF5F918ED860B18BD/5:14
など	杯	U+676F	6	6	4	など / ナド	epidemic/342749F3370CD8CA938CA16A4EDEDE78/15:6 epidemic/A9BDBE38B57817A1026CC0175499EA40/6:13 epidemic/E8AD129872FED997E6DDB5141DA9E2D7/19:6 honkokuv1/0f9b2ac7d94055a239ce0b9a75d1c577/19:12 industry/2F08DEF3136E4E2F0B37E91E91AAE41D/26:4
など	主	U+4E3B	1	1	1	など	epidemic/93802393E11D63F23E248A023A57D64D/10:14
など	屋等	U+5C4B U+7B49	1	1	1	など	honkokuv1/fee686331cf39099afbe34f9a669e537/18:13
など	様	U+69D8	1	1	1	など	cooking/1D0C0B360849AD8A50725342A50434BF/146:7
など	竹串抔	U+7AF9 U+4E32 U+6294	1	1	1	など	cooking/1D0C0B360849AD8A50725342A50434BF/148:31
など	詎	U+8A4E	1	1	1	など	gakugei/CC00EEEB7A185980B906DE8F725FFA7B/47:7
なほ	猶	U+7336	131	432	18	なほ / ナホ	KUL/1B34F274416417AE9D3150399864C493/11:3 code4libjp/0AEE874FB6D5447744AF438BEE410AA1/26:10 cooking/02450F63DF50442EFF44E383A78C3E09/27:1 cooking/4C51DEEB71FC6517BF45BD7A8EA09F33/3:13 cooking/B7B8D4E48A5270A5A9660A5790907EFA/16:14
なほ	直	U+76F4	43	67	11	なほ / ナホ	KUL/1B34F274416417AE9D3150399864C493/55:25 code4libjp/0AEE874FB6D5447744AF438BEE410AA1/122:4 code4libjp/71F0CB5053AC7F97851280A4BBD9B137/20:15 cooking/2BD6FE7694519723CC7125F16A9763E7/70:25 cooking/B311D0A3201929CE31F8156708AC68C6/19:7
なほ	尚	U+5C1A	35	157	12	なほ / ナホ	KUL/1B34F274416417AE9D3150399864C493/27:12 code4libjp/0AEE874FB6D5447744AF438BEE410AA1/14:25 dafukui/a42838cae3458a45bf90bea5e07ff6c9/53:27 epidemic/93802393E11D63F23E248A023A57D64D/17:21 epidemic/E8AD129872FED997E6DDB5141DA9E2D7/18:17
なほ	治	U+6CBB	9	10	4	なほ / ナホ	epidemic/202FCFDD01A7F99F04B28ED8DB41466E/16:1 epidemic/29459A65EA28474409B665B5D1D611FB/18:6 epidemic/F03F21CC5F78FADFB2B0CA6BD82E1F87/5:6 galica/21AA4EF1C04ECD903361D8CCD3AF9C8D/36:9 galica/5B15CFF64B6BC34258A11C03BF3F40B8/21:2
なほ	愈	U+6108	6	9	3	なほ	epidemic/E8AD129872FED997E6DDB5141DA9E2D7/23:7 honkokuv1/267de47ab296cf4ad2766c027a6d4173/8:14 honkokuv1/dc71ab36cc109773b6e6845996b99e54/7:13 iryotoyojo/141C0B4EBC1CC4C795B9C8E47933BEB3/31:31 iryotoyojo/8079128E473132C1D5157999DDEF925A/17:17
なほ	癒	U+7652	4	4	2	なほ	epidemic/0D753BBFA099948C2D2BF32EE06CF4FE/12:20 honkokuv1/3b6eadec5da5dcc8a7b9d2eba4f1e714/52:166 honkokuv1/718132e0033c2253f10126854f4de25d/52:87 honkokuv1/855e22cfecfc2ea76e37a06ef2abd081/41:92
なほ	修	U+4FEE	2	4	2	なほ	honkokuv1/777f243e4cecb84536467e5218be681b/5:18 zisin/7B0E3AA992C5E257796E5B09EAF0F16A/5:17
なほ	仍	U+4ECD	2	2	2	なほ / ナホ	galica/C01FFD9FE907268620560BA5E43BB708/131:6 iryotoyojo/8B44BAA8EC7AF5CFC354C64598FFBA72/141:2
なほ	復	U+5FA9	1	2	1	なほ	code4libjp/0AEE874FB6D5447744AF438BEE410AA1/138:35
なほ	医	U+533B	1	1	1	ナホ	galica/21AA4EF1C04ECD903361D8CCD3AF9C8D/11:7
なほ	止	U+6B62	1	1	1	なほ	epidemic/043334259A62EA1439CF9B306C8010DF/19:22
なほ	治療	U+6CBB U+7642	1	1	1	なほ	epidemic/AB50BEBB666C39512DF6FD82A8B797C8/7:7
なほ	由	U+7531	1	1	1	ナホ	21dzk/241CFDCCACBDF584040CCE1BEB02908C/28:19
なほ	療	U+7642	1	1	1	ナホ	honkokuv1/8c0de74ae4f26ae23a07c38bf313ac46/16:16
なほ	等	U+7B49	1	1	1	なほ	galica/AB9DCFAD5936E9F548FA563215ED9E5C/80:1
なを	猶	U+7336	132	367	20	なを / ナヲ	KUL/A492209B1530ACCF460CBE3C83E2ECDB/6:8 KUL/D262EA9A91D13866DE82F22E055D6B30/30:17 berabou/4daef5ca279dad69272cd9e3325dddc3/4:11 berabou/5434390b413adda73beaa0881ca9f1b2/31:11 berabou/5aa7cc47b424066336d78b99a9d68f44/3:5
なを	直	U+76F4	63	96	16	なを / ナヲ	KUL/A492209B1530ACCF460CBE3C83E2ECDB/52:9 KUL/AEA36FD5977818C41E7150431818EA87/43:12 berabou/f66f42352d710b0a66eb8b81e1fdc81c/10:9 chinjuh/ead4df9f02ef23670fc601edd4a259af/7:13 cooking/001E3C19A3E626EC382F86D201FEFB8C/43:12
なを	尚	U+5C1A	59	149	16	なを / ナヲ	KUL/AEA36FD5977818C41E7150431818EA87/27:9 chinjuh/a9bad7ba2aee0881ddea5fc7e1d70f0a/1:6 chinjuh/c7908962b848857545663fb076d9487d/4:6 cooking/1D0C0B360849AD8A50725342A50434BF/113:11 cooking/74525EDE239B2393A88168F303F95CE5/18:5
なを	治	U+6CBB	13	31	6	なを	epidemic/193B92ED4EB14D162C0334A00BD05235/13:11 epidemic/6F5C4A6603A94045B6575F8905CCB7EC/11:4 epidemic/E8AD129872FED997E6DDB5141DA9E2D7/10:23 gakugei/38a2b9bea08d1402d14210bbc56e56b6/40:16 galica/128F934B31E5FD49D6A7D482884EF0BE/17:3
なを	愈	U+6108	4	7	2	なを	epidemic/E8AD129872FED997E6DDB5141DA9E2D7/5:19 iryotoyojo/414D696CEEDFBFD6C7D2ED48E6AB5C95/19:5 iryotoyojo/62FEE6F3805D76002DD4D7C20B783A5A/10:8 iryotoyojo/BCB3B66788B699A4C0576359F209E315/54:18
なを	名	U+540D	4	6	3	なを / ナヲ	epidemic/193B92ED4EB14D162C0334A00BD05235/116:15 gakugei/8E16C76F647DEA25E53FA32D98AF2494/80:2 galica/E4334EDC31D8EA6162CBC886290D1C6E/26:2 galica/E9CE072CFB17606E29EA8BBCF6C79400/37:1
なを	仍	U+4ECD	3	4	2	なを / ナヲ	gakugei/456532535B361A2402E84FDD7DE87C1F/86:14 gakugei/6385805C0C43BCF875752AAD59788ED7/73:9 zukan/6A4B65D535B2FC9773F5D1565FCF1971/74:7
なを	療	U+7642	2	2	2	ナヲ / なを	berabou/15f6a4abb6cc55aea20d0e94ced194bd/16:11 galica/128F934B31E5FD49D6A7D482884EF0BE/17:4
なを	癒	U+7652	2	2	2	なを	epidemic/67B14D6DD7D67EB0134D97878D49C850/8:5 iryotoyojo/186FDFA1216CB521B3F5C3DE5BE5CCFB/25:22
なを	整	U+6574	1	11	1	なを	galica/D58C3BB2BA25B817CFC55AEA716A0C02/46:5
なを	哪	U+54EA	1	4	1	ナヲ	ryukyu/C7BC32961ECDEC299AD1C4A2E8402332/15:20
なを	壮	U+58EE	1	1	1	なを	iryotoyojo/126EE36978D97E3378E80F8901DB5E47/8:9
なを	正	U+6B63	1	1	1	なを	iryotoyojo/8FA527044D5B51FDF2C2AE6F3EA7983F/219:18
なを	由	U+7531	1	1	1	ナヲ	21dzk/40F2350DD0FE51BCAA131A59EF5E88DC/24:43
なを	補	U+88DC	1	1	1	なを	iryotoyojo/126EE36978D97E3378E80F8901DB5E47/29:5
なを	雅	U+96C5	1	1	1	ナヲ	kamosha/C4906EB68CD4F6A590A4DB298A730BDF/42:4
なを	鼠	U+9F20	1	1	1	ナヲ	KUL/F52942BCDE65F1F31324A46E139926D9/17:16
のみ	飲	U+98F2	65	331	11	のみ / ノミ	KUL/1554A6FB2402925E79553FA063909D25/4:19 berabou/15f6a4abb6cc55aea20d0e94ced194bd/26:9 cooking/156439E751BC47C5ECE2B2A20FB8AE8F/91:1 cooking/B311D0A3201929CE31F8156708AC68C6/42:20 epidemic/031AA82826DCC4BD8A7AA546359866B1/1:3
のみ	呑	U+5451	59	116	13	のみ / ノミ / のミ	KUL/280B423B8CFA26AA73315842C263E6AB/11:9 KUL/AEA36FD5977818C41E7150431818EA87/3:17 berabou/c10741ec27cc31f31f0ad4b4de821f8f/3:4 code4libjp/CE27C74741414AABF93DBAA532A3C952/77:4 cooking/0E1D76C249C4E0E52A3D34F9E68389BB/2:6
のみ	而已	U+800C U+5DF2	40	58	13	のみ / ノミ	berabou/24bf2c8a5b572e663f9465ed953573e0/52:8 berabou/60ef31f2e6c58bf4de33d4e75b398a0d/6:5 berabou/9731ef33a625a649ce64ff593d12ed59/39:22 berabou/d1668621dcf5c1fa7528b5c0ccb97c06/4:6 berabou/f2a3f204113134773277788ad61a386f/4:9
のみ	耳	U+8033	26	28	8	ノミ / のみ	KUL/A71CB4AE28324C336E7D58E5DF55575E/53:20 KUL/F6C0E2D1420DE60BEA140090CE69E165/66:19 epidemic/90FBC30B408BAF3E36CD0EB33FF9E44E/13:17 gakugei/3A4293B76CA3D33A6BB50C288A4030FE/7:6 gakugei/6833A3198946B63897C0F95AE482A057/30:5
のみ	蚤	U+86A4	17	28	7	のみ / ノミ	KUL/1B34F274416417AE9D3150399864C493/82:18 chinjuh/7319db1f748a37aef1a60633564ce037/30:10 epidemic/1F85F7DF165C4C194D418E134AF72A9E/24:5 epidemic/6F5C4A6603A94045B6575F8905CCB7EC/9:5 gakugei/48F6B776D696B0EFBEAE131D68ADF428/32:3
のみ	鑿	U+947F	13	16	8	のみ / ノミ	KUL/1B34F274416417AE9D3150399864C493/33:25 KUL/A492209B1530ACCF460CBE3C83E2ECDB/9:19 cooking/01B2DDFF1999372C0CC2246553614F0D/14:7 epidemic/F46704891D219FA2EF310888FEA25F7D/15:4 gakugei/71F4E7DC4532A71DC7749446FD17005C/8:41
のみ	吞	U+541E	12	18	4	のみ	epidemic/008A38B838376BC60102B567FC1E320C/10:21 gakugei/85CA6CEFEA396E80C0039E30C25404BB/28:9 gakugei/B42E378426DF3587A0A6DAEE5AFF557F/47:12 gakugei/D3ACE80D7884B0BC119D150BF7073332/38:25 galica/F8A7037DEFED9AE7A300FC54A9B1C5F3/15:6
のみ	服	U+670D	6	11	3	のみ / ノミ	epidemic/67B14D6DD7D67EB0134D97878D49C850/8:20 gakugei/6F41F48A873242EDA010EAFB6FBA0CC4/9:29 iryotoyojo/141C0B4EBC1CC4C795B9C8E47933BEB3/59:25 iryotoyojo/2D85638053AD450E2FEF385E0F78AC7F/69:14 iryotoyojo/7BC210C0939F5A29BA8DC5E1CF389739/34:55
のみ	爾	U+723E	6	6	2	のみ / ノミ	galica/040527F85034BFE3AA0BDF1054C9BE8A/24:41 zukan/0FF1873F1C328FFD9D715464799D5B3A/52:21 zukan/2FA7A293779881BC02DC33D9E5F3309F/62:14 zukan/9A3A3C14946AF4E1AC2C5D3A250C79A1/10:30 zukan/BD98E72D35D91545CB7A80AA15AAB59D/9:9
のみ	已	U+5DF2	5	8	4	ノミ / のみ	iryotoyojo/23B3500910C33ED5B12FDA83D62E8F7B/9:5 iryotoyojo/E6726FE00584536E4644BFF7169AD3B1/59:21 ishinpou/ef071892c469cbe28b782e7877e63dd9/7:23 kuorcas/A7817006A4CB54B3FD10D2F87091D842/2:7 ryukyu/5B6E72E73EE2D9DC8F87A46D35E38EF4/11:15
のみ	喫	U+55AB	5	7	2	のみ / ノミ	berabou/242f1093c6bb9b29745c36bd75a0b67c/24:21 iryotoyojo/0227687148DF38F548B04FE2A9E541CA/17:6 iryotoyojo/141C0B4EBC1CC4C795B9C8E47933BEB3/8:26 iryotoyojo/2D85638053AD450E2FEF385E0F78AC7F/70:8 iryotoyojo/8FA527044D5B51FDF2C2AE6F3EA7983F/104:16
のみ	而	U+800C	5	5	2	ノミ / のみ	honkokuv1/2d3f712efaa90f4598fdd1f504529620/4:16 honkokuv1/73a78fd2cc56ad01dabbb2728782423f/2:10 honkokuv1/8e3377b0ae20a8c92b23218c672f9f35/6:21 iryotoyojo/00448BC363D27A545D634471DCC80475/32:15 iryotoyojo/177155A90C3474B9F8EB3E390312F3A5/83:1
のみ	而己	U+800C U+5DF1	5	5	5	のみ / ノミ	aizuda2022/4CA4CC55915612A04CE9836F1DAEC0C6/14:12 cooking/FF346D6B3C094E62C8C93C89F9575F6C/10:3 epidemic/F46704891D219FA2EF310888FEA25F7D/4:9 honkokuv1/03ed5f589f9550262ef6d0b6d9926809/4:3 tokushima/701287E617A854512FEE38C827CE9D2D/4:6
のみ	嚥	U+56A5	4	10	1	のみ / ノミ	iryotoyojo/23B3500910C33ED5B12FDA83D62E8F7B/160:19 iryotoyojo/2D85638053AD450E2FEF385E0F78AC7F/79:22 iryotoyojo/8B44BAA8EC7AF5CFC354C64598FFBA72/182:8 iryotoyojo/8FA527044D5B51FDF2C2AE6F3EA7983F/135:9
のみ	而巳	U+800C U+5DF3	4	6	4	のみ	cooking/C27458C5C3F8292A154357093755040C/6:4 galica/C40CDCB06AACA6F2722B43D8DB279A96/26:6 honkokuv1/eb74c3c0bd197c3ec0acc61434ac44e8/16:13 iryotoyojo/55BAB1CCF251376D2359EB0237135FDD/10:24
のみ	野見	U+91CE U+898B	3	3	2	ノミ / のみ	code4libjp/CE27C74741414AABF93DBAA532A3C952/32:1 galica/A92F0BD5002B42DBD54F497C3044C038/27:8 galica/D58C3BB2BA25B817CFC55AEA716A0C02/369:11
のみ	吃	U+5403	2	2	1	のみ	epidemic/29459A65EA28474409B665B5D1D611FB/12:4 epidemic/E8AD129872FED997E6DDB5141DA9E2D7/47:7
のみ	尓	U+5C13	2	2	2	ノミ	iryotoyojo/23B3500910C33ED5B12FDA83D62E8F7B/10:6 zukan/6B7386E3ED89FFBEE7D6516FF4F0D876/27:4
のみ	已而	U+5DF2 U+800C	2	2	1	のみ	galica/D58C3BB2BA25B817CFC55AEA716A0C02/370:6 galica/E4334EDC31D8EA6162CBC886290D1C6E/22:7
のみ	矣	U+77E3	2	2	1	ノミ / のみ	zukan/0FF1873F1C328FFD9D715464799D5B3A/7:41 zukan/177D247C0056AD1BA570734CAD78F0FE/22:13
のみ	鏨	U+93E8	2	2	2	のみ	gakugei/BFD134AED243C59A119CC2D6B9E524BD/15:23 galica/E4334EDC31D8EA6162CBC886290D1C6E/161:46
のみ	哺	U+54FA	1	2	1	のみ	iryotoyojo/D9CC5A05972A855CFBB5FF9E2287BA42/14:20
のみ	嘗	U+5617	1	2	1	のみ	iryotoyojo/00448BC363D27A545D634471DCC80475/11:12
のみ	撻	U+64BB	1	2	1	のみ	honkokuv1/910b88edecf12a287f203c32a9e54d58/17:11
のみ	鑿子	U+947F U+5B50	1	2	1	のみ / ノミ	gakugei/48F6B776D696B0EFBEAE131D68ADF428/17:6
のみ	乃美	U+4E43 U+7F8E	1	1	1	ノミ	zukan/0FF1873F1C328FFD9D715464799D5B3A/11:3
のみ	之	U+4E4B	1	1	1	のみ	galica/D58C3BB2BA25B817CFC55AEA716A0C02/450:11
のみ	也已	U+4E5F U+5DF2	1	1	1	ノミ	zisin/AFE04ACBC7262D0338F03F3AFEAD296E/13:5
のみ	乳	U+4E73	1	1	1	のみ	epidemic/E8AD129872FED997E6DDB5141DA9E2D7/17:20
のみ	人	U+4EBA	1	1	1	ノミ	code4libjp/CE27C74741414AABF93DBAA532A3C952/119:12
のみ	咽	U+54BD	1	1	1	のみ	iryotoyojo/8FA527044D5B51FDF2C2AE6F3EA7983F/271:5
のみ	客	U+5BA2	1	1	1	のみ	iryotoyojo/141C0B4EBC1CC4C795B9C8E47933BEB3/73:5
のみ	矣耳	U+77E3 U+8033	1	1	1	ノミ	dafukui/722D25DEB52AF4F7B4105182850A5E0D/45:13
のみ	能美	U+80FD U+7F8E	1	1	1	のみ	galica/D78B66059EFBE1C2676FC3EB033ED786/153:2
のみ	能見	U+80FD U+898B	1	1	1	ノミ	code4libjp/CE27C74741414AABF93DBAA532A3C952/21:22
のみ	込	U+8FBC	1	1	1	のみ	cooking/B311D0A3201929CE31F8156708AC68C6/29:13
のみ	𤼭	U+24F2D	1	1	1	のみ	gakugei/0E0BE3FAC185ECAA98890BBFF8A9F2B3/26:7
はかり	計	U+8A08	56	124	11	はかり / ハカリ	KUL/1B34F274416417AE9D3150399864C493/138:8 KUL/8DE7FC0BDA4DA5CD8286FCFAA5F15AEC/61:14 KUL/A492209B1530ACCF460CBE3C83E2ECDB/17:8 cooking/0C3E70E736947328B7062BED6947A189/37:17 cooking/12AB8A51E30ED100EF5BF0BAE4EE038A/12:22
はかり	許	U+8A31	40	117	9	はかり / ハカリ	21dzk/295BAE2C64C34988E43BAB22CD65BF5B/13:74 21dzk/CE85769143ED4BA639D74FF9E21F2AE9/185:44 cooking/74525EDE239B2393A88168F303F95CE5/30:1 epidemic/7084CAEBE53A1AAEB1F3A42F7BEF1A1C/4:13 epidemic/FCBF65921759FCD8FD5BF039C7FE0AB2/7:8
はかり	斗	U+6597	29	88	9	はかり	KUL/AEA36FD5977818C41E7150431818EA87/29:13 berabou/5434390b413adda73beaa0881ca9f1b2/9:6 cooking/156439E751BC47C5ECE2B2A20FB8AE8F/111:1 cooking/1D0C0B360849AD8A50725342A50434BF/51:18 cooking/B311D0A3201929CE31F8156708AC68C6/29:9
はかり	量	U+91CF	25	58	9	はかり / ハカリ / ハかり	KUL/D262EA9A91D13866DE82F22E055D6B30/13:13 code4libjp/3267947BFA815D17A999C72B81DBD62C/23:21 cooking/01B2DDFF1999372C0CC2246553614F0D/34:5 cooking/12A6D87A7532F95B3F324DEF58A9D79E/2:2 cooking/27103C074579E49F76515077C7163F89/17:25
はかり	謀	U+8B00	13	22	4	はかり / ハカリ	gakugei/B97526B43D33B4F752C2BB4A6C581FCD/47:19 gakugei/CC00EEEB7A185980B906DE8F725FFA7B/17:6 galica/1C36A63FB05A3BF7BA776F1612787CC6/155:10 galica/4AF2A3F71089CAE01C7C61E4DD851097/30:1 galica/7635D30AD739AC21BC75BE6EE5FE852B/129:1
はかり	測	U+6E2C	12	15	6	はかり / ハカリ	KUL/AEA36FD5977818C41E7150431818EA87/57:13 berabou/242f1093c6bb9b29745c36bd75a0b67c/26:13 epidemic/BA4F35E2891E6A45D209DF49C53FFB25/23:20 epidemic/F50EEE10744167294A322A7422E6ED27/31:17 galica/5B15CFF64B6BC34258A11C03BF3F40B8/9:6
はかり	秤	U+79E4	12	13	7	はかり / ハカリ	KUL/AEA36FD5977818C41E7150431818EA87/31:15 berabou/93ded5e1424dde5e6f1ecac7456f8e1c/9:7 cooking/46090BE02EBA8DB6B0088EDD459598CF/64:12 gakugei/B1281F14AF5BFA25D89FDCCBFC2FD45C/79:24 gakugei/BFD134AED243C59A119CC2D6B9E524BD/29:23
はかり	可	U+53EF	5	5	2	ハカリ	ryukyu/142F297A1D9547A3C3373AB500FCC164/38:13 ryukyu/26A6CACF52299F2B76D5139818751A06/24:11 ryukyu/A2384D064E4E72C180064C5B3DE13F5C/24:11 ryukyu/E5936BA0315B33765F7B051596C1975F/37:13 zukan/654B6D474C474413A033BB928E5AB94C/40:31
はかり	議	U+8B70	4	4	3	はかり / ハカリ	galica/CA545B1939889EBFB0A021D06DDF436D/87:30 honkokuv1/150cb8544d674ad4715d146b6a3f8a18/9:21 ryukyu/09BF2CF782B443BE410EF1B2D9A7E854/10:11 ryukyu/0BF54928A12160BBB94AC0E487D2F2BF/10:13
はかり	度	U+5EA6	3	3	2	はかり / ハカリ	industry/69C3BF60872E76FBAD37AA7E69C69189/10:7 iryotoyojo/8FA527044D5B51FDF2C2AE6F3EA7983F/42:15 iryotoyojo/EA68D726F50B2F460BE3A7F695161A3C/15:17
はかり	一町斗	U+4E00 U+753A U+6597	1	2	1	　　　はかり	gakugei/B42E378426DF3587A0A6DAEE5AFF557F/47:24
はかり	策	U+7B56	1	2	1	はかり	gakugei/CC00EEEB7A185980B906DE8F725FFA7B/41:8
はかり	一尺五寸斗	U+4E00 U+5C3A U+4E94 U+5BF8 U+6597	1	1	1	　　　　　　　はかり	gakugei/B42E378426DF3587A0A6DAEE5AFF557F/42:9
はかり	一町半計	U+4E00 U+753A U+534A U+8A08	1	1	1	　　　　　はかり	gakugei/B42E378426DF3587A0A6DAEE5AFF557F/14:23
はかり	七寸計	U+4E03 U+5BF8 U+8A08	1	1	1	　　　はかり	gakugei/B42E378426DF3587A0A6DAEE5AFF557F/51:25
はかり	三寸斗	U+4E09 U+5BF8 U+6597	1	1	1	　　　はかり	gakugei/B42E378426DF3587A0A6DAEE5AFF557F/27:19
はかり	三尺斗	U+4E09 U+5C3A U+6597	1	1	1	　　　はかり	gakugei/B42E378426DF3587A0A6DAEE5AFF557F/37:10
はかり	三尺許	U+4E09 U+5C3A U+8A31	1	1	1	はかり	zukan/889C3119331F3371388D8573C995F0FE/7:6
はかり	三日許	U+4E09 U+65E5 U+8A31	1	1	1	はかり	epidemic/0FC8C71D48476D75F9B6FD1450DEAED0/10:11
はかり	人斗	U+4EBA U+6597	1	1	1	はかり	iryotoyojo/B83283D6F48B014B4350A76E6E032B1D/32:20
はかり	儀	U+5100	1	1	1	はかり	gakugei/1220697AD6FB510DE0216B5A8B42E54E/3:11
はかり	六町斗	U+516D U+753A U+6597	1	1	1	　　　はかり	gakugei/ED9729C097319CCE8DA92794904694B1/68:4
はかり	十二三許	U+5341 U+4E8C U+4E09 U+8A31	1	1	1	　　　　　はかり	gakugei/B1281F14AF5BFA25D89FDCCBFC2FD45C/71:22
はかり	商量	U+5546 U+91CF	1	1	1	はかり	chinjuh/d57834199415f35b5636ae09a8c05981/14:6
はかり	四十年斗	U+56DB U+5341 U+5E74 U+6597	1	1	1	　　　　　はかり	gakugei/ED9729C097319CCE8DA92794904694B1/47:38
はかり	四十計	U+56DB U+5341 U+8A08	1	1	1	　　　はかり	gakugei/B42E378426DF3587A0A6DAEE5AFF557F/16:8
はかり	天秤	U+5929 U+79E4	1	1	1	はかり	gakugei/48F6B776D696B0EFBEAE131D68ADF428/17:3
はかり	寸許	U+5BF8 U+8A31	1	1	1	　はかり	gakugei/B1281F14AF5BFA25D89FDCCBFC2FD45C/124:27
はかり	慮	U+616E	1	1	1	はかり	galica/128F934B31E5FD49D6A7D482884EF0BE/5:28
はかり	斤	U+65A4	1	1	1	はかり	kirishitan/87E2B28A1155F63CCCD52B3A4B5B8367/144:9
はかり	方一丁斗	U+65B9 U+4E00 U+4E01 U+6597	1	1	1	　　　　　はかり	gakugei/04B643AB698048867221B37E43A10054/41:6
はかり	書	U+66F8	1	1	1	はかり	iryotoyojo/D69D7ED5F5A358D92D3B3BD0ED5C8BB6/22:18
はかり	測量	U+6E2C U+91CF	1	1	1	はかり	honkokuv1/0f5b773a851ee09a318a7ec2c3aedcac/13:23
はかり	而已	U+800C U+5DF2	1	1	1	はかり	honkokuv1/e5453ea98b2310bf478509b1d388c62b/41:33
ばかり	計	U+8A08	48	114	16	ばかり / バカリ	KUL/1B34F274416417AE9D3150399864C493/13:18 MugenHanbeHenn/5e418f0ca8d9a150ee92427b8b94326c/22:16 chinjuh/ead4df9f02ef23670fc601edd4a259af/89:5 code4libjp/0AEE874FB6D5447744AF438BEE410AA1/74:41 cooking/F49CEC74E42005CFEA0C538B95EEF1FD/16:10
ばかり	斗	U+6597	43	78	14	ばかり / バカリ	KUL/AEA36FD5977818C41E7150431818EA87/62:19 berabou/15f6a4abb6cc55aea20d0e94ced194bd/34:9 berabou/18cd180fa858fd7295e713af6e6ff422/22:1 code4libjp/0AEE874FB6D5447744AF438BEE410AA1/137:40 cooking/02450F63DF50442EFF44E383A78C3E09/6:21
ばかり	許	U+8A31	40	330	12	ばかり / バカリ	21dzk/E2156EDA3562AA46EA35B6A714D01D8A/20:89 KUL/1B34F274416417AE9D3150399864C493/105:2 code4libjp/0AEE874FB6D5447744AF438BEE410AA1/19:25 cooking/01B2DDFF1999372C0CC2246553614F0D/6:2 epidemic/AB50BEBB666C39512DF6FD82A8B797C8/2:13
ばかり	而已	U+800C U+5DF2	2	3	2	ばかり	cooking/93596E37069A7F7EF5F918ED860B18BD/5:12 gakugei/5AE5B73FB5715E9BD972B203229CC359/16:9
ばかり	一里許	U+4E00 U+91CC U+8A31	1	2	1	　　　ばかり	gakugei/B1281F14AF5BFA25D89FDCCBFC2FD45C/122:19
ばかり	一里斗	U+4E00 U+91CC U+6597	1	1	1	　　　ばかり	gakugei/ED9729C097319CCE8DA92794904694B1/53:8
ばかり	七八寸計	U+4E03 U+516B U+5BF8 U+8A08	1	1	1	　　　　　ばかり	gakugei/ED9729C097319CCE8DA92794904694B1/47:43
ばかり	三尺斗	U+4E09 U+5C3A U+6597	1	1	1	　　　ばかり	gakugei/ED9729C097319CCE8DA92794904694B1/58:28
ばかり	三町計	U+4E09 U+753A U+8A08	1	1	1	　　　ばかり	gakugei/ED9729C097319CCE8DA92794904694B1/77:9
ばかり	五丁斗	U+4E94 U+4E01 U+6597	1	1	1	　　　ばかり	gakugei/ED9729C097319CCE8DA92794904694B1/53:17
ばかり	十町斗	U+5341 U+753A U+6597	1	1	1	　　　ばかり	gakugei/ED9729C097319CCE8DA92794904694B1/87:20
ばかり	千計	U+5343 U+8A08	1	1	1	ばかり	galica/C01FFD9FE907268620560BA5E43BB708/330:8
ばかり	可	U+53EF	1	1	1	ばかり	galica/F5ECC664E34F94BF5F6D5B2A49EF11C9/21:4
ばかり	四寸許	U+56DB U+5BF8 U+8A31	1	1	1	　　　　ばかり	gakugei/B1281F14AF5BFA25D89FDCCBFC2FD45C/120:24
ばかり	秤	U+79E4	1	1	1	ばかリ	iryotoyojo/D69D7ED5F5A358D92D3B3BD0ED5C8BB6/11:5
ばかり	而己	U+800C U+5DF1	1	1	1	ばかり	iryotoyojo/BCB3B66788B699A4C0576359F209E315/66:3
ばかり	而巳	U+800C U+5DF3	1	1	1	ばかり	gakugei/5AE5B73FB5715E9BD972B203229CC359/6:11
ほか	外	U+5916	282	1076	24	ほか / ホカ	KUL/1B34F274416417AE9D3150399864C493/13:4 KUL/8DE7FC0BDA4DA5CD8286FCFAA5F15AEC/57:4 KUL/AEA36FD5977818C41E7150431818EA87/4:17 MugenHanbeHenn/5e418f0ca8d9a150ee92427b8b94326c/10:20 berabou/242f1093c6bb9b29745c36bd75a0b67c/12:11
ほか	他	U+4ED6	55	84	11	ほか / ホカ	code4libjp/3267947BFA815D17A999C72B81DBD62C/13:13 cooking/01B2DDFF1999372C0CC2246553614F0D/20:5 cooking/32399C08071CC4F9BEACC53997F08325/34:14 dafukui/7FE1156705F7D5299118A46DC754C3FB/14:44 epidemic/043334259A62EA1439CF9B306C8010DF/18:8
ほか	余	U+4F59	5	10	4	ホカ / ほか	code4libjp/3267947BFA815D17A999C72B81DBD62C/10:10 cooking/74525EDE239B2393A88168F303F95CE5/44:16 galica/AB9DCFAD5936E9F548FA563215ED9E5C/224:12 galica/D58C3BB2BA25B817CFC55AEA716A0C02/180:3 iryotoyojo/FC4F5DA70013B2921CCC5289403DAE19/28:14
ほか	佗	U+4F57	5	7	2	ほか / ホカ	industry/A0D52D914DCA2F3E0CAEEF71024789D6/4:4 iryotoyojo/126EE36978D97E3378E80F8901DB5E47/13:16 iryotoyojo/141C0B4EBC1CC4C795B9C8E47933BEB3/34:28 iryotoyojo/2D85638053AD450E2FEF385E0F78AC7F/85:9 iryotoyojo/8B44BAA8EC7AF5CFC354C64598FFBA72/24:12
ほか	他事	U+4ED6 U+4E8B	3	3	2	ほか	honkokuv1/f7a72665bc6bc8e4ee7a2210978c7d87/7:14 zisin/0EBB0F5CF763190A4EF70E3F29ABFAFE/7:15 zisin/22304AF305CD009EBEE9BB7E4E89FC6B/7:14
ほか	別	U+5225	2	4	2	ほか	cooking/93596E37069A7F7EF5F918ED860B18BD/21:2 gakugei/5AE5B73FB5715E9BD972B203229CC359/21:3
ほか	麦介	U+9EA6 U+4ECB	2	2	1	ホカ	ryukyu/60F4055C83A81BEB49B10F9C993DBFBC/46:10 ryukyu/72C920B160F5D4C9F1D7DA2C0AEA247C/46:10
ほか	余事	U+4F59 U+4E8B	1	1	1	ほか	iryotoyojo/FD01204E5EDEA724DB8A261FD1A789CB/41:21
ほか	涯	U+6DAF	1	1	1	ほか	gakugei/8BF0697123F83CBCBD675C01DF592A1F/42:9
ほか	自余	U+81EA U+4F59	1	1	1	ほか	galica/D58C3BB2BA25B817CFC55AEA716A0C02/273:9
まて	迄	U+8FC4	46	83	13	まて / マテ	KUL/1B34F274416417AE9D3150399864C493/56:8 KUL/AEA36FD5977818C41E7150431818EA87/99:3 chinjuh/ed4b3cfc9a9f10551c271a2486a2278e/15:6 cooking/156439E751BC47C5ECE2B2A20FB8AE8F/53:9 cooking/F69D11A17301E3BEB7C2E591504416A7/24:16
まて	迠	U+8FE0	9	29	2	まて / マテ	gakugei/04B643AB698048867221B37E43A10054/41:23 gakugei/33C3110BB079CAF6C9A50455E062A887/10:27 gakugei/54EDE8C36E1921B7E9D2861EB992C75A/2:9 gakugei/712D9F517D357980C7FFBAAF66364CF0/45:4 gakugei/85CA6CEFEA396E80C0039E30C25404BB/2:11
まて	待	U+5F85	6	8	4	まて / マテ	gakugei/6385805C0C43BCF875752AAD59788ED7/54:23 gakugei/83D979E5808A49394823B89BE18B928D/12:3 gakugei/ED9729C097319CCE8DA92794904694B1/61:18 galica/980F2A7E469A1D51019238B19C9DCDFA/22:6 kirishitan/624AD3F6623BCBD4F78EBEE2F93FA2B7/12:15
まて	蟶	U+87F6	5	5	5	まて / マテ	code4libjp/CE27C74741414AABF93DBAA532A3C952/61:17 cooking/AE1AB273D9C3999777D794C7CBB3182A/19:20 gakugei/0E0BE3FAC185ECAA98890BBFF8A9F2B3/17:26 galica/55C11B6E1B07C244B02066BA78E2CCB3/62:30 iryotoyojo/2AC2ABC8E4C2F82B91C6D811A2ABF73F/55:12
まて	馬刀	U+99AC U+5200	4	4	2	まて	cooking/46F99B08FD225CFB049ECB58465147B2/8:20 cooking/864977D958D83D30159353F83AE047FF/26:14 cooking/D982B9AB0F4F40529846810F72FC1878/8:58 kirishitan/87E2B28A1155F63CCCD52B3A4B5B8367/166:9
まて	也麻	U+4E5F U+9EBB	1	1	1	マテ	tokushima/FE3C9D7E3E14F0606E9FD475FA1A06EB/2:5
まて	俟	U+4FDF	1	1	1	まて	gakugei/9E7921B2AC233A112E2066C4D184EC1D/20:22
まて	全	U+5168	1	1	1	まて	zisin/7B0E3AA992C5E257796E5B09EAF0F16A/11:20
まて	及	U+53CA	1	1	1	マテ	honkokuv1/7636de4a3c2355573db6718fde664128/2:3
まて	竹聖	U+7AF9 U+8056	1	1	1	まて	epidemic/28B5B6F5DF35559858D3BA5392CB5855/13:1
まて	蛤	U+86E4	1	1	1	まて	kirishitan/87E2B28A1155F63CCCD52B3A4B5B8367/166:9
まて	馬力	U+99AC U+529B	1	1	1	マテ	zukan/C79ACBF0FFCC57FFFC4A833E71619697/22:3
まて	麻手	U+9EBB U+624B	1	1	1	まて	zukan/D205A61248B7EE5A1A366F59C2E2E05A/24:5
まで	迄	U+8FC4	112	488	16	まで / マデ / まで　	KUL/1B34F274416417AE9D3150399864C493/36:23 KUL/AEA36FD5977818C41E7150431818EA87/68:14 chinjuh/780221668371a19e9fa09ed78896cbc8/5:5 chinjuh/850556c18ca81a677fa7cb1ec636d8a8/5:3 code4libjp/0AEE874FB6D5447744AF438BEE410AA1/15:16
まで	迠	U+8FE0	13	30	8	まで / マデ	KUL/8DE7FC0BDA4DA5CD8286FCFAA5F15AEC/40:5 berabou/18cd180fa858fd7295e713af6e6ff422/20:1 cooking/2BD6FE7694519723CC7125F16A9763E7/23:18 gakugei/6783820BC222545956F461CAEB3FF858/24:6 gakugei/712D9F517D357980C7FFBAAF66364CF0/54:2
まで	万里	U+4E07 U+91CC	1	2	1	マデ	galica/A92F0BD5002B42DBD54F497C3044C038/547:3
まで	間	U+9593	1	2	1	まで	epidemic/67B14D6DD7D67EB0134D97878D49C850/3:10
まで	蟶	U+87F6	1	1	1	まで	iryotoyojo/D735A29070F53C2C16303FE14DC5783D/61:6
まで	馬刀	U+99AC U+5200	1	1	1	まで	iryotoyojo/D735A29070F53C2C16303FE14DC5783D/52:4
