# Classifier readings of a label that are a cursive form of the label itself, not another character.
# A Quick review suspect mark whose label and reading make one of these pairs is not made (quiz_suspects).
# Decided by mkpoli on 2026-09-26 from eight sample crops per pair (the glyph ids below), among the 201
# (label, reading) pairs the corpus marks repeated at least 40 times. A pair is listed only when all eight
# samples were the label; 45 further pairs were answered "can't tell" and are not listed, so they stay marked.
# marks: how many corpus marks the pair held when it was decided.
label	label_code_point	reads_as	reads_as_code_point	marks	samples	decided
可	U+53EF	一	U+4E00	600	hi:34250011 hi:34141811 hi:34295507 hi:34078290 hi:34086181 hi:34368405 hi:34100582 hi:34277744	2026-09-26
可	U+53EF	マ	U+30DE	565	hi:34091637 hi:34358086 hi:34191219 hi:34076593 hi:34122450 hi:34274087 hi:34250218 hi:34098719	2026-09-26
之	U+4E4B	ゝ	U+309D	512	hi:34177269 hi:34118978 hi:34308130 hi:34085802 hi:34135772 hi:34174001 hi:34095717 hi:34288837	2026-09-26
被	U+88AB	ら	U+3089	429	hi:34079224 hi:34172542 hi:34077543 hi:34339788 hi:34147407 hi:34175520 hi:34278470 hi:34158857	2026-09-26
之	U+4E4B	々	U+3005	365	hi:34257670 hi:34136879 hi:34271757 hi:34191941 hi:34265394 hi:34366538 hi:34158536 hi:34130887	2026-09-26
八	U+516B	い	U+3044	240	hi:34303219 hi:34302988 hi:34348857 hi:34088226 hi:34241781 hi:34059830 hi:34300347 hi:34365037	2026-09-26
云	U+4E91	み	U+307F	235	hi:34149465 hi:34199367 hi:34149135 hi:34202079 hi:34156051 hi:34196591 hi:34206447 hi:34198156	2026-09-26
候	U+5019	も	U+3082	231	hi:34138692 hi:34385839 hi:34091842 hi:34147306 hi:34260215 hi:34140489 hi:34118587 hi:34090083	2026-09-26
候	U+5019	く	U+304F	228	hi:34093853 hi:34367451 hi:34078018 hi:34356320 hi:34364924 hi:34093849 hi:34043083 hi:34312685	2026-09-26
り	U+308A	か	U+304B	221	codh:brsk00000:brsk003_022:B0001:C0166 hi:34051467 codh:umgy00000:umgy010_019:B0001:C0075 codh:hnsd00000:hnsd005_022:B0001:C0121 hi:34393600 codh:umgy00000:umgy002_007:B0001:C0027 codh:brsk00000:brsk001_030:B0001:C0326 hi:34072689	2026-09-26
御	U+5FA1	ツ	U+30C4	187	hi:34199756 hi:34464331 hi:34245401 hi:34379229 hi:34326654 hi:34375543 hi:34308363 hi:34104839	2026-09-26
上	U+4E0A	三	U+4E09	171	hi:34171878 hi:34525165 hi:34383087 hi:34308928 hi:34160410 hi:34244598 hi:34175290 hi:34040070	2026-09-26
内	U+5185	ゆ	U+3086	167	hi:34212300 hi:34195242 hi:34148052 hi:34399909 hi:34127669 hi:34219691 hi:34073734 hi:34162857	2026-09-26
て	U+3066	ん	U+3093	166	hi:34231636 hi:34094048 hi:34174073 hi:34302150 hi:34302079 hi:34346680 hi:34071470 hi:34096261	2026-09-26
候	U+5019	か	U+304B	161	hi:34177265 hi:34169716 hi:34315012 hi:34115793 hi:34077635 hi:34174750 hi:34172492 hi:34128780	2026-09-26
へ	U+3078	つ	U+3064	157	hi:34279857 hi:34120445 hi:34107077 hi:34049213 hi:34112293 codh:200018243:200018243_00027_2:B0001:C0085 hi:34335537 hi:34425279	2026-09-26
可	U+53EF	て	U+3066	156	hi:34177323 hi:34266632 hi:34275076 hi:34024250 hi:34144816 hi:34355006 hi:34476053 hi:34339769	2026-09-26
に	U+306B	小	U+5C0F	137	codh:200006665:200006665_00005_1:B0001:C0113 codh:hnsd00000:hnsd001_011:B0001:C0044 codh:200004107:200004107_00005_1:B0001:C0104 codh-omt:001:9641 codh:200021712:200021712_00044_1:B0001:C0177 codh-omt:001:28438 codh-omt:001:8464 codh-omt:001:10032	2026-09-26
令	U+4EE4	今	U+4ECA	133	hi:34239319 hi:34264765 hng:ini:0410 hi:34156612 hi:34155218 hng:kbk:0417 hng:hod:0710 hng:jyu:0126	2026-09-26
令	U+4EE4	と	U+3068	131	hi:34160962 hi:34042530 hi:34194307 hi:34276349 hi:34155466 hi:34043587 hi:34223613 hi:34090098	2026-09-26
な	U+306A	那	U+90A3	128	codh:200020019:200020019_00071_2:B0001:C0144 codh:umgy00000:umgy001_007:B0001:C0104 codh:200015843:200015843_00008_1:B0001:C0074 codh:brsk00000:brsk005_004:B0001:C0221 codh:200020019:200020019_00026_1:B0001:C0115 codh:200021660:200021660_00080_2:B0001:C0120 codh:200015843:200015843_00051_1:B0001:C0156 codh:200020019:200020019_00035_1:B0001:C0227	2026-09-26
ハ	U+30CF	い	U+3044	128	hi:34283366 hi:34124597 hi:34106881 hl:db756a349241476df2db53a0cfcd6cd6_58_036:be9c7f9d3d4d:11 hi:34243636 codh:200019865:200019865_00125_1:B0001:C0088 hi:34177148 hi:34362347	2026-09-26
事	U+4E8B	よ	U+3088	126	hi:34197979 hi:34191498 hi:34315054 hi:34270189 hi:34500770 hi:34208178 hi:34214185 hi:34363748	2026-09-26
候	U+5019	作	U+4F5C	125	hi:34527894 hi:34294710 hi:34199231 hl:db756a349241476df2db53a0cfcd6cd6_58_004:be9c7f9d3d4d:9 hl:db756a349241476df2db53a0cfcd6cd6_74_028:be9c7f9d3d4d:17 hi:34200376 hi:34058271 hi:34118145	2026-09-26
有	U+6709	も	U+3082	118	hl:62c6743982041882d0aefd6582ac6a84_51_022:be9c7f9d3d4d:1 hi:34213040 hi:34239539 hi:34068169 hi:34205718 hl:db756a349241476df2db53a0cfcd6cd6_14_024:be9c7f9d3d4d:12 hi:34216403 hi:34197900	2026-09-26
了	U+4E86	し	U+3057	112	hi:34234991 hi:34237750 hi:34183145 hi:34208236 hi:34179681 hi:34200445 hi:34239213 hi:34220391	2026-09-26
は	U+306F	い	U+3044	111	codh:200020019:200020019_00056_1:B0001:C0035 codh:200010454:200010454_00018_2:B0001:C0151 hl:9d4189b32a46c402aab4a99774c2e3bb_9_001:be9c7f9d3d4d:2 hl:68eb3417ed31bd40b47322289459eeec_20_049:be9c7f9d3d4d:23 codh:200020019:200020019_00077_1:B0001:C0134 codh:200021086:200021086_00014_1:B0001:C0063 codh:200020019:200020019_00078_2:B0001:C0115 hl:833C8DC397DF4B02D31160EA54FD271E_2_093:be9c7f9d3d4d:6	2026-09-26
而	U+800C	る	U+308B	109	hi:34092805 hi:34367212 hi:34162097 hi:34162366 hi:34136858 hi:34043939 hi:34145200 hi:34310854	2026-09-26
廿	U+5EFF	サ	U+30B5	104	hi:34188170 hl:68eb3417ed31bd40b47322289459eeec_4_034:be9c7f9d3d4d:16 hi:34240176 hi:34106504 hi:34237602 hi:34237171 hi:34188969 hi:34241172	2026-09-26
と	U+3068	こ	U+3053	101	codh:200021063:200021063_00024_1:B0001:C0020 codh:200010454:200010454_00026_1:B0001:C0079 hi:34041736 codh:200010454:200010454_00016_2:B0001:C0094 codh:200003967:200003967_00022_2:B0001:C0018 codh:100249371:100249371_00034_2:B0001:C0184 hi:34478193 hi:34251383	2026-09-26
之	U+4E4B	く	U+304F	100	hi:34078870 hi:34275417 hl:68C7BEFABCCE5DD6A2327799118C7CD1_52_012:be9c7f9d3d4d:21 hi:34089339 hi:34256792 hi:34131959 hi:34143688 hi:34037634	2026-09-26
日	U+65E5	り	U+308A	99	hi:34181506 hi:34145108 hi:34187569 hi:34231561 hi:34179650 hl:9d4189b32a46c402aab4a99774c2e3bb_45_009:be9c7f9d3d4d:2 hi:34264729 hi:34188971	2026-09-26
事	U+4E8B	ま	U+307E	98	hi:34098761 hi:34209173 hi:34155935 codh:200021802:200021802_00027_1:B0001:C0061 codh-omt:001:16073 hl:68C7BEFABCCE5DD6A2327799118C7CD1_62_019:be9c7f9d3d4d:18 hi:34141442 hi:34164596	2026-09-26
候	U+5019	レ	U+30EC	95	hi:34339693 hi:34271922 hi:34250765 hi:34245396 hi:34250185 hi:34174988 hi:34265630 hi:34176661	2026-09-26
日	U+65E5	か	U+304B	95	hi:34267825 hi:34267388 hi:34033778 hi:34239750 hi:34105879 hi:34333774 hi:34027881 hi:34104591	2026-09-26
間	U+9593	る	U+308B	92	hi:34267860 hi:34523060 hi:34406815 hi:34410477 hi:34428881 hi:34366545 hi:34086458 hi:34062818	2026-09-26
此	U+6B64	け	U+3051	91	hi:34204197 hi:34196607 hi:34205574 hi:34050476 hi:34161574 hi:34236877 hi:34221461 hi:34239540	2026-09-26
于	U+4E8E	干	U+5E72	90	hi:34021080 hi:34021909 hi:34237742 hi:34121731 hi:34297546 hi:34281758 hi:34296527 hi:34282463	2026-09-26
か	U+304B	り	U+308A	89	codh:200015843:200015843_00081_2:B0001:C0130 hl:B5A8C444BAB2DC7076365A8660F458F0_6_056:be9c7f9d3d4d:3 codh:200020019:200020019_00022_2:B0001:C0018 hi:34114418 hi:34221750 hi:34229007 hi:34125447 hi:34213847	2026-09-26
候	U+5019	え	U+3048	89	hi:34251612 hi:34363152 hi:34255198 hi:34367283 hi:34144707 hi:34346816 hi:34097634 hi:34345235	2026-09-26
な	U+306A	る	U+308B	88	codh:200020019:200020019_00049_1:B0001:C0219 hi:34232580 hi:34250100 hi:34187236 codh:200008003:200008003_00003_1:B0001:C0061 hl:68eb3417ed31bd40b47322289459eeec_8_045:be9c7f9d3d4d:25 hi:34038095 hi:34241939	2026-09-26
へ	U+3078	ゝ	U+309D	88	hi:34243108 hi:34172348 hi:34175329 hi:34172320 hi:34245351 hi:34174820 hi:34168245 hi:34244250	2026-09-26
候	U+5019	ゞ	U+309E	88	hi:34079107 hi:34141347 hi:34529189 hi:34258877 hi:34088062 hi:34092499 hi:34517753 hi:34523156	2026-09-26
馬	U+99AC	る	U+308B	87	hi:34242916 hi:34166729 hl:68C7BEFABCCE5DD6A2327799118C7CD1_45_013:be9c7f9d3d4d:7 hi:34174832 hi:34241520 hi:34244098 hi:34212262 hi:34205027	2026-09-26
候	U+5019	け	U+3051	85	hi:34213686 hi:34355227 hi:34079662 hi:34096166 hi:34147244 hi:34096078 hi:34083418 hi:34193530	2026-09-26
候	U+5019	ん	U+3093	84	hi:34256806 hi:34057483 hi:34147030 hl:db756a349241476df2db53a0cfcd6cd6_24_015:be9c7f9d3d4d:12 hi:34092803 hi:34303883 hi:34250714 hi:34287793	2026-09-26
被	U+88AB	ち	U+3061	83	hi:34348514 hi:34508760 hi:34491998 hi:34511444 hi:34488294 hi:34450237 hi:34305032 hi:34428542	2026-09-26
に	U+306B	よ	U+3088	80	codh:200021063:200021063_00006_1:B0001:C0176 hl:68C7BEFABCCE5DD6A2327799118C7CD1_3_003:be9c7f9d3d4d:6 codh:brsk00000:brsk003_027:B0001:C0243 codh:200020019:200020019_00056_1:B0001:C0078 codh:brsk00000:brsk004_013:B0001:C0091 codh:200021802:200021802_00023_1:B0001:C0047 hi:34262715 codh:200014740:200014740_00011_2:B0001:C0155	2026-09-26
人	U+4EBA	く	U+304F	80	hi:34332611 hi:34492113 hi:34366397 hi:34312488 hi:34208908 hi:34068469 hi:34486724 hi:34311968	2026-09-26
を	U+3092	す	U+3059	79	hi:34108247 hi:34132758 hi:34174117 hi:34051809 hi:34160408 hi:34161267 hi:34177156 hl:68eb3417ed31bd40b47322289459eeec_16_025:be9c7f9d3d4d:2	2026-09-26
其	U+5176	そ	U+305D	79	hi:34324192 hi:34121901 hi:34193259 hi:34221423 hi:34267982 hi:34085496 hi:34164246 hi:34203147	2026-09-26
を	U+3092	せ	U+305B	75	hi:34460617 hi:34421632 hi:34133682 hi:34396407 codh:umgy00000:umgy010_015:B0001:C0048 hi:34352143 hi:34443174 hi:34301358	2026-09-26
御	U+5FA1	つ	U+3064	75	hi:34478240 hi:34258162 hi:34173809 hi:34175595 hi:34301764 hi:34172894 hi:34131458 hi:34334013	2026-09-26
了	U+4E86	う	U+3046	73	hi:34202122 hi:34077971 hi:34145858 hi:34033108 hi:34119392 hi:34184177 hi:34235926 hi:34149389	2026-09-26
納	U+7D0D	ゆ	U+3086	73	hi:34164310 hi:34181739 hi:34234297 hi:34254108 hi:34207769 hi:34205941 hi:34209164 hi:34161101	2026-09-26
御	U+5FA1	候	U+5019	71	hi:34294754 hi:34287717 hi:34221419 hi:34164285 hi:34287616 hi:34216482 hi:34344194 hi:34211705	2026-09-26
に	U+306B	る	U+308B	70	hi:34038607 hi:34224464 codh:200021644:200021644_00021_2:B0001:C0145 hi:34174868 hl:68eb3417ed31bd40b47322289459eeec_3_059:be9c7f9d3d4d:16 hi:34172448 hi:34100207 hi:34174741	2026-09-26
候	U+5019	御	U+5FA1	70	hl:db756a349241476df2db53a0cfcd6cd6_77_013:be9c7f9d3d4d:13 hi:34210298 hl:5B7E3F3297D1937C6677C28010C1C482_4_012:be9c7f9d3d4d:13 hi:34257942 hl:db756a349241476df2db53a0cfcd6cd6_60_024:be9c7f9d3d4d:9 hl:db756a349241476df2db53a0cfcd6cd6_82_028:be9c7f9d3d4d:7 hi:34238396 hi:34382870	2026-09-26
ね	U+306D	ぬ	U+306C	69	codh:200019865:200019865_00067_1:B0001:C0040 codh:200019865:200019865_00026_1:B0001:C0152 codh:200015779:200015779_00020_2:B0001:C0260 codh:200019865:200019865_00004_2:B0001:C0180 codh:200019865:200019865_00031_2:B0001:C0087 codh:200019865:200019865_00126_2:B0001:C0114 hi:34076277 codh:200019865:200019865_00005_1:B0001:C0160	2026-09-26
目	U+76EE	日	U+65E5	69	hi:34247806 hi:34365118 hi:34060052 hi:34010520 hi:34191469 hi:34393571 hi:34136645 codh:200021063:200021063_00028_1:B0001:C0313	2026-09-26
寺	U+5BFA	る	U+308B	68	hi:34041853 hi:34190775 hi:34182621 hi:34174786 hi:34182617 hi:34234264 hi:34200696 hi:34292779	2026-09-26
之	U+4E4B	も	U+3082	67	hi:34345895 hi:34215574 hi:34082325 hi:34288699 hi:34263081 hi:34207813 hi:34150778 hi:34236365	2026-09-26
令	U+4EE4	合	U+5408	67	hi:34035545 hi:34220550 hi:34054535 hi:34135523 hi:34181243 hi:34122942 hi:34295922 hi:34358170	2026-09-26
御	U+5FA1	け	U+3051	66	hl:5B7E3F3297D1937C6677C28010C1C482_1_002:be9c7f9d3d4d:4 hl:db756a349241476df2db53a0cfcd6cd6_43_029:be9c7f9d3d4d:17 hi:34142987 hl:5B7E3F3297D1937C6677C28010C1C482_10_005:be9c7f9d3d4d:3 hi:34353717 hi:34102217 hi:34222127 hi:34073707	2026-09-26
日	U+65E5	ゝ	U+309D	66	hi:34135941 hi:34184487 hi:34478321 hi:34167763 hi:34246392 hi:34190139 hi:34525100 hi:34186230	2026-09-26
が	U+304C	か	U+304B	65	hl:833C8DC397DF4B02D31160EA54FD271E_9_015:be9c7f9d3d4d:5 codh:200003076:200003076_00018_1:B0001:C0175 codh:200004148:200004148_00061_2:B0001:C0002 codh:200014740:200014740_00068_1:B0001:C0048 codh:200003076:200003076_00046_2:B0001:C0145 hl:68eb3417ed31bd40b47322289459eeec_18_017:be9c7f9d3d4d:12 codh:200019865:200019865_00025_2:B0001:C0056 codh:200014740:200014740_00040_1:B0001:C0068	2026-09-26
候	U+5019	る	U+308B	64	hi:34359981 hi:34077644 hi:34312024 hi:34047697 hi:34085328 hi:34078325 hi:34081936 hi:34077854	2026-09-26
御	U+5FA1	い	U+3044	64	hi:34247487 hi:34488371 hi:34255308 hi:34033639 hi:34254367 hi:34473031 hi:34511564 hi:34512154	2026-09-26
申	U+7533	し	U+3057	64	hi:34428999 hi:34259412 hi:34529292 hi:34512034 hi:34260420 hi:34417552 hi:34037480 hi:34425301	2026-09-26
臣	U+81E3	分	U+5206	63	hi:34097835 hi:34162193 hi:34252514 hi:34178959 hi:34193170 hi:34150612 hi:34237477 hi:34097828	2026-09-26
月	U+6708	し	U+3057	62	hi:34141889 hi:34078776 hi:34040150 hi:34363199 hi:34287750 hi:34143066 hi:34286725 hi:34082759	2026-09-26
不	U+4E0D	ほ	U+307B	61	hi:34149893 hi:34154904 hi:34196399 hi:34204219 hi:34162087 hi:34122223 hi:34256604 hi:34190469	2026-09-26
し	U+3057	三	U+4E09	59	hi:34128414 hi:34084034 hi:34085512 hi:34123070 hi:34226840 hi:34033182 hi:34123618 hi:34070127	2026-09-26
云	U+4E91	三	U+4E09	59	hi:34196172 hi:34136431 hi:34201969 hi:34150865 hi:34151776 hi:34194557 hi:34182428 hi:34159307	2026-09-26
恐	U+6050	く	U+304F	59	hi:34146187 hi:34146247 hi:34143573 hi:34356598 hi:34483396 hi:34314353 hi:34492514 hi:34258684	2026-09-26
い	U+3044	つ	U+3064	58	codh:200019865:200019865_00028_2:B0001:C0170 codh:brsk00000:brsk005_022:B0001:C0269 hl:B5A8C444BAB2DC7076365A8660F458F0_5_066:be9c7f9d3d4d:1 codh:200019865:200019865_00015_2:B0001:C0168 codh:200019865:200019865_00031_2:B0001:C0177 codh:brsk00000:brsk001_015:B0001:C0142 hi:34265518 codh:200025191:200025191_00064_2:B0001:C0235	2026-09-26
月	U+6708	り	U+308A	58	hi:34352337 hi:34241741 hi:34310870 hi:34270864 hi:34453570 hi:34525097 hi:34306524 hi:34079204	2026-09-26
者	U+8005	々	U+3005	58	hi:34455480 hi:34289126 hi:34312259 hi:34175027 hi:34269554 hi:34358686 hi:34533312 hi:34511456	2026-09-26
ば	U+3070	は	U+306F	57	codh:200015843:200015843_00073_1:B0001:C0245 codh:200014740:200014740_00022_1:B0001:C0214 codh:200015843:200015843_00029_1:B0001:C0271 hl:68eb3417ed31bd40b47322289459eeec_28_031:be9c7f9d3d4d:22 codh:200004148:200004148_00015_2:B0001:C0029 codh:200021802:200021802_00022_1:B0001:C0101 hl:9d4189b32a46c402aab4a99774c2e3bb_43_005:be9c7f9d3d4d:6 hl:68eb3417ed31bd40b47322289459eeec_12_036:be9c7f9d3d4d:14	2026-09-26
ハ	U+30CF	つ	U+3064	57	hi:34139050 codh:200019865:200019865_00116_2:B0001:C0166 hi:34317135 hi:34243287 hi:34243431 hi:34312304 hi:34371414 hi:34055136	2026-09-26
後	U+5F8C	得	U+5F97	57	hi:34212744 hi:34219288 hi:34198698 hi:34206560 hi:34201799 codh:brsk00000:brsk001_023:B0001:C0201 hi:34149876 hi:34196980	2026-09-26
部	U+90E8	ア	U+30A2	57	hi:34076991 hi:34157568 hi:34147722 hi:34178491 hi:34181798 hi:34249080 hi:34183212 hi:34182118	2026-09-26
の	U+306E	入	U+5165	56	codh:200021644:200021644_00022_2:B0001:C0012 hl:9d4189b32a46c402aab4a99774c2e3bb_11_005:be9c7f9d3d4d:5 hi:34076539 hi:34180407 codh:200018243:200018243_00003_2:B0001:C0081 hi:34224833 hi:34193006 hi:34124571	2026-09-26
へ	U+3078	く	U+304F	56	hl:B5A8C444BAB2DC7076365A8660F458F0_14_086:be9c7f9d3d4d:6 hi:34261349 hi:34186850 hi:34178513 hi:34170981 hk:9987c791c64b854f7fadde0412de937a:25:L4:7a0d3267f64e:22 codh:hnsd00000:hnsd011_037:B0001:C0038 hi:34168114	2026-09-26
不	U+4E0D	石	U+77F3	56	hi:34235107 hi:34116859 hi:34154890 hi:34216174 hi:34056801 hi:34218721 hi:34220785 hi:34190640	2026-09-26
候	U+5019	い	U+3044	56	hl:68C7BEFABCCE5DD6A2327799118C7CD1_57_010:be9c7f9d3d4d:19 hi:34393224 hi:34278227 hi:34081836 hi:34289970 hi:34417470 hi:34031387 codh:200021802:200021802_00038_2:B0001:C0140	2026-09-26
且	U+4E14	旦	U+65E6	55	hi:34029263 hi:34292158 hi:34082304 hi:34257795 hng:nkk:0296 hi:34204388 hi:34308378 hi:34028169	2026-09-26
同	U+540C	日	U+65E5	55	hi:34079526 hi:34048856 hi:34151362 hi:34172339 hi:34201226 hi:34133749 hi:34159831 hi:34146616	2026-09-26
を	U+3092	と	U+3068	54	hi:34058813 hi:34062091 hi:34314951 hi:34057448 hi:34229079 hi:34243355 hl:68eb3417ed31bd40b47322289459eeec_24_100:be9c7f9d3d4d:1 hi:34288151	2026-09-26
存	U+5B58	な	U+306A	54	hi:34244022 hi:34322929 hi:34368248 hi:34364972 hi:34270488 hi:34085935 hi:34256072 hi:34253135	2026-09-26
是	U+662F	そ	U+305D	54	hi:34154657 hi:34047977 hi:34252067 hi:34371592 hi:34357203 hi:34177654 hi:34082050 hi:34491664	2026-09-26
か	U+304B	う	U+3046	52	hk:9987c791c64b854f7fadde0412de937a:36:L8:7a0d3267f64e:16 codh:hnsd00000:hnsd007_019:B0001:C0053 codh:200021802:200021802_00035_2:B0001:C0086 codh:200010454:200010454_00018_1:B0001:C0031 hi:34037018 codh:100249476:100249476_00008_1:B0001:C0067 hl:833C8DC397DF4B02D31160EA54FD271E_8_059:be9c7f9d3d4d:6 codh:200021712:200021712_00063_2:B0001:C0155	2026-09-26
月	U+6708	日	U+65E5	52	hl:68C7BEFABCCE5DD6A2327799118C7CD1_51_009:be9c7f9d3d4d:3 hi:34250044 hi:34056590 hi:34120475 hi:34249990 hi:34118413 hi:34200330 hi:34510215	2026-09-26
被	U+88AB	取	U+53D6	51	hi:34074302 hi:34105177 hi:34038361 hi:34100009 hi:34036607 hi:34304810 hl:db756a349241476df2db53a0cfcd6cd6_55_011:be9c7f9d3d4d:10 hi:34142991	2026-09-26
仰	U+4EF0	御	U+5FA1	50	hi:34191220 hi:34418350 hi:34204074 hi:34196605 hi:34203548 hi:34211032 hi:34203660 hi:34458116	2026-09-26
召	U+53EC	ら	U+3089	50	hi:34161568 hi:34162031 hi:34221376 hi:34191423 hi:34136639 hi:34211438 hi:34163204 hi:34158012	2026-09-26
向	U+5411	白	U+767D	50	hi:34025662 hi:34161376 hi:34254793 hi:34302569 hi:34180618 hi:34165689 hi:34161901 hi:34187796	2026-09-26
守	U+5B88	る	U+308B	50	hi:34064476 hi:34047228 hi:34026528 hi:34047050 hi:34168543 hi:34344388 hi:34212371 hi:34241853	2026-09-26
申	U+7533	よ	U+3088	50	hi:34244111 hi:34477901 hi:34262735 hi:34342110 hi:34304525 hi:34277627 hi:34424984 hi:34173209	2026-09-26
か	U+304B	の	U+306E	49	hi:34138155 codh:200019865:200019865_00128_2:B0001:C0048 codh:200003076:200003076_00065_2:B0001:C0156 codh:200019865:200019865_00106_1:B0001:C0182 hl:9d4189b32a46c402aab4a99774c2e3bb_15_001:be9c7f9d3d4d:11 codh:brsk00000:brsk001_028:B0001:C0258 codh:200003076:200003076_00131_1:B0001:C0033 codh:200003076:200003076_00087_2:B0001:C0113	2026-09-26
し	U+3057	レ	U+30EC	49	hl:68eb3417ed31bd40b47322289459eeec_19_048:be9c7f9d3d4d:2 hl:68eb3417ed31bd40b47322289459eeec_17_003:be9c7f9d3d4d:21 hl:68eb3417ed31bd40b47322289459eeec_11_028:be9c7f9d3d4d:6 hl:68eb3417ed31bd40b47322289459eeec_29_023:be9c7f9d3d4d:27 hl:68eb3417ed31bd40b47322289459eeec_22_055:be9c7f9d3d4d:2 hl:68eb3417ed31bd40b47322289459eeec_23_036:be9c7f9d3d4d:27 hl:68eb3417ed31bd40b47322289459eeec_19_066:be9c7f9d3d4d:1 hl:68eb3417ed31bd40b47322289459eeec_3_053:be9c7f9d3d4d:1	2026-09-26
人	U+4EBA	へ	U+3078	49	hi:34326673 codh:200021063:200021063_00010_2:B0001:C0163 hi:34121770 hl:68C7BEFABCCE5DD6A2327799118C7CD1_77_025:be9c7f9d3d4d:19 hl:0c016d24723ee3568663547b0f9ef40b_10_005:be9c7f9d3d4d:2 hi:34154074 hi:34140301 hi:34150916	2026-09-26
う	U+3046	か	U+304B	48	codh:100249476:100249476_00016_1:B0001:C0141 hl:B5A8C444BAB2DC7076365A8660F458F0_4_047:be9c7f9d3d4d:1 hl:833C8DC397DF4B02D31160EA54FD271E_2_089:be9c7f9d3d4d:3 hl:B5A8C444BAB2DC7076365A8660F458F0_12_021:be9c7f9d3d4d:1 codh:200005798:200005798_00101_2:B0001:C0110 codh:200003076:200003076_00041_1:B0001:C0096 codh:200021853:200021853_00006_2:B0001:C0002 codh:200015779:200015779_00064_2:B0001:C0116	2026-09-26
り	U+308A	わ	U+308F	48	hi:34226876 hi:34252109 hi:34226395 hi:34224314 hi:34118239 hi:34225392 hi:34226957 hi:34028519	2026-09-26
候	U+5019	ヽ	U+30FD	48	hi:34258820 hi:34042241 codh:200021063:200021063_00007_2:B0001:C0410 hi:34142832 codh:hnsd00000:hnsd004_037:B0001:C0052 hi:34270110 hi:34095494 hi:34144888	2026-09-26
千	U+5343	干	U+5E72	48	hl:68eb3417ed31bd40b47322289459eeec_34_045:be9c7f9d3d4d:25 hl:68eb3417ed31bd40b47322289459eeec_12_075:be9c7f9d3d4d:7 hi:34185132 hl:68eb3417ed31bd40b47322289459eeec_22_106:be9c7f9d3d4d:9 hi:34184889 hi:34184850 hi:34346377 hng:fhs:0274	2026-09-26
然	U+7136	の	U+306E	48	hi:34194038 hi:34215480 hi:34206799 hi:34221104 hi:34124851 hi:34218029 hi:34152738 hi:34211282	2026-09-26
等	U+7B49	に	U+306B	48	hi:34145356 hi:34174505 hi:34201288 hi:34080222 hi:34259564 hi:34064601 hi:34238683 hi:34244962	2026-09-26
其	U+5176	も	U+3082	47	hi:34267029 hi:34174568 hi:34166410 hi:34515431 hi:34421535 hi:34140302 hi:34209808 hi:34352183	2026-09-26
御	U+5FA1	く	U+304F	47	hi:34201257 hi:34201232 hi:34362145 hl:5B7E3F3297D1937C6677C28010C1C482_1_004:be9c7f9d3d4d:3 hi:34258881 hi:34201216 hi:34422221 hi:34196000	2026-09-26
申	U+7533	事	U+4E8B	47	hi:34061700 hi:34251447 hi:34268387 hi:34361521 hi:34082824 hi:34303703 hi:34061683 hi:34083583	2026-09-26
く	U+304F	ヽ	U+30FD	46	codh:200021660:200021660_00011_1:B0001:C0137 hl:B5A8C444BAB2DC7076365A8660F458F0_15_018:be9c7f9d3d4d:2 codh:200015779:200015779_00020_1:B0001:C0002 hl:B5A8C444BAB2DC7076365A8660F458F0_7_046:be9c7f9d3d4d:10 hl:68eb3417ed31bd40b47322289459eeec_19_033:be9c7f9d3d4d:27 codh:200014685:200014685_00015_1:B0001:C0207 hl:B5A8C444BAB2DC7076365A8660F458F0_5_064:be9c7f9d3d4d:2 codh:100249371:100249371_00032_1:B0001:C0015	2026-09-26
久	U+4E45	人	U+4EBA	46	hi:34280127 hi:34203290 hi:34276791 hi:34270990 hi:34058224 hi:34218587 hng:kcj:1138a hi:34127226	2026-09-26
之	U+4E4B	〻	U+303B	46	hi:34047316 hi:34092882 hi:34306119 hi:34302765 hl:68C7BEFABCCE5DD6A2327799118C7CD1_54_002:be9c7f9d3d4d:10 hi:34063585 hi:34145158 hi:34243728	2026-09-26
云	U+4E91	こ	U+3053	46	hi:34193688 hi:34236891 hi:34207958 hi:34164823 hi:34196380 hi:34153445 hi:34218115 hi:34220874	2026-09-26
何	U+4F55	つ	U+3064	46	hi:34149744 hi:34064505 hi:34193993 hi:34164681 hi:34129946 hi:34317658 hi:34350501 hi:34152853	2026-09-26
可	U+53EF	へ	U+3078	46	hi:34108793 hi:34305129 hi:34350466 hi:34236592 hi:34040012 hi:34088770 hi:34367535 hi:34277864	2026-09-26
意	U+610F	き	U+304D	46	hi:34165832 hi:34250018 hi:34005045 hi:34306074 hi:34244641 hi:34239091 hi:34312955 hi:34324160	2026-09-26
臣	U+81E3	ト	U+30C8	46	hi:34134362 hi:34253786 hi:34253801 hi:34200211 hi:34097820 hi:34209419 hi:34215656 hi:34212689	2026-09-26
さ	U+3055	た	U+305F	45	codh:hnsd00000:hnsd011_023:B0001:C0208 codh:200005598:200005598_00025_1:B0001:C0179 codh:200021802:200021802_00028_2:B0001:C0089 codh:200005798:200005798_00091_2:B0001:C0008 codh:200021802:200021802_00006_2:B0001:C0108 hi:34193627 codh:200015779:200015779_00034_1:B0001:C0194 hi:34193012	2026-09-26
や	U+3084	屋	U+5C4B	45	codh:200004107:200004107_00010_2:B0001:C0155 hi:34054857 codh:200004107:200004107_00027_2:B0001:C0008 codh:200021660:200021660_00060_2:B0001:C0023 codh:200015843:200015843_00008_1:B0001:C0156 codh:200021712:200021712_00034_2:B0001:C0019 codh:200015843:200015843_00010_2:B0001:C0278 codh:200015843:200015843_00059_1:B0001:C0160	2026-09-26
之	U+4E4B	て	U+3066	45	hi:34084571 hi:34257536 hi:34067571 hi:34044201 hi:34204302 hi:34306262 hi:34183680 hi:34261951	2026-09-26
之	U+4E4B	へ	U+3078	45	hi:34344295 hi:34431945 hi:34246721 hi:34277751 hi:34142822 hi:34140007 hi:34245186 hi:34237883	2026-09-26
候	U+5019	よ	U+3088	45	hi:34268553 codh:200021802:200021802_00043_2:B0001:C0089 hi:34134159 hi:34418016 hi:34200747 hl:db756a349241476df2db53a0cfcd6cd6_49_039:be9c7f9d3d4d:31 hi:34515260 codh:200021802:200021802_00042_1:B0001:C0154	2026-09-26
取	U+53D6	ほ	U+307B	45	hi:34162517 hi:34217028 hi:34345720 hi:34154637 hi:34156420 hi:34210025 hi:34212244 hi:34164496	2026-09-26
可	U+53EF	こ	U+3053	45	hi:34244799 hi:34312990 hi:34204582 hi:34245612 hi:34522878 hi:34205677 codh:200021802:200021802_00021_2:B0001:C0039 hi:34248475	2026-09-26
而	U+800C	な	U+306A	45	hi:34200077 hi:34163039 hi:34031377 hi:34080415 hi:34455469 hi:34197437 hi:34317464 hi:34084047	2026-09-26
ニ	U+30CB	〻	U+303B	44	hi:34169970 hi:34107220 hi:34131745 hi:34162707 hi:34136794 hi:34093406 hi:34352477 hi:34375390	2026-09-26
座	U+5EA7	取	U+53D6	44	hl:db756a349241476df2db53a0cfcd6cd6_27_005:be9c7f9d3d4d:17 hi:34196271 hi:34158212 hi:34202882 hi:34483312 hi:34209896 hi:34324120 hi:34196131	2026-09-26
文	U+6587	又	U+53C8	44	hi:34038472 hi:34239132 hi:34068264 hi:34025744 hi:34128151 hi:34236313 hi:34032078 hi:34128139	2026-09-26
よ	U+3088	し	U+3057	43	codh:200021802:200021802_00055_1:B0001:C0145 hi:34106227 hi:34109779 hi:34110478 hi:34109827 hi:34091616 hi:34110603 hi:34180985	2026-09-26
り	U+308A	利	U+5229	43	codh:200003076:200003076_00047_1:B0001:C0081 codh:200021071:200021071_00023_2:B0001:C0222 codh:200021071:200021071_00103_1:B0001:C0141 codh:200021071:200021071_00027_2:B0001:C0042 codh:200003076:200003076_00037_2:B0001:C0209 codh:200021071:200021071_00034_2:B0001:C0119 codh:200021071:200021071_00004_2:B0001:C0185 codh:200003076:200003076_00014_2:B0001:C0083	2026-09-26
其	U+5176	モ	U+30E2	43	hi:34086015 hi:34326734 hi:34151705 hi:34095270 hi:34121773 hi:34064433 hi:34175460 hi:34140933	2026-09-26
已	U+5DF2	こ	U+3053	43	hi:34165690 hi:34196210 hi:34317486 hi:34193308 hi:34215788 hi:34164268 hi:34192640 hi:34216704	2026-09-26
恐	U+6050	ゑ	U+3091	43	hi:34004783 hi:34306798 hi:34093194 hi:34038887 hi:34004770 hi:34030228 hi:34037303 hi:34048460	2026-09-26
日	U+65E5	も	U+3082	43	hi:34238783 hi:34083931 hi:34518989 hi:34143814 hi:34109958 hi:34196110 hl:9d4189b32a46c402aab4a99774c2e3bb_39_002:be9c7f9d3d4d:3 hi:34324968	2026-09-26
者	U+8005	み	U+307F	43	hi:34073725 hi:34172804 hi:34170539 hi:34269466 hi:34170338 hi:34205088 hi:34215526 hi:34248568	2026-09-26
へ	U+3078	べ	U+3079	42	codh:200021071:200021071_00037_1:B0001:C0064 codh:200020019:200020019_00019_2:B0001:C0016 hi:34417939 codh:200004148:200004148_00037_2:B0001:C0033 codh:200025191:200025191_00017_1:B0001:C0161 hi:34253484 codh:200025191:200025191_00015_1:B0001:C0198 codh:brsk00000:brsk001_016:B0001:C0124	2026-09-26
る	U+308B	留	U+7559	42	codh:200020019:200020019_00006_2:B0001:C0057 codh:200008003:200008003_00016_2:B0001:C0176 codh:200025191:200025191_00064_2:B0001:C0182 codh:100249376:100249376_00028_2:B0001:C0027 hi:34271940 codh:200008003:200008003_00014_2:B0001:C0093 codh:100249376:100249376_00021_2:B0001:C0017 codh:200021802:200021802_00036_1:B0001:C0145	2026-09-26
人	U+4EBA	ん	U+3093	42	hi:34239428 hi:34223386 hi:34218095 codh:200020019:200020019_00053_2:B0001:C0010 codh:brsk00000:brsk003_012:B0001:C0141 hi:34216153 hi:34215636 hi:34217158	2026-09-26
今	U+4ECA	と	U+3068	42	hi:34270780 hi:34329748 hi:34000229 hi:34165097 hi:34277117 hi:34229122 hi:34212993 hi:34350429	2026-09-26
門	U+9580	同	U+540C	42	hi:34275291 hi:34285514 hi:34189300 hi:34182964 hi:34255853 hi:34180368 hi:34058243 hi:34116694	2026-09-26
い	U+3044	以	U+4EE5	41	codh:200021071:200021071_00101_2:B0001:C0037 codh:200021071:200021071_00004_1:B0001:C0018 codh:brsk00000:brsk005_016:B0001:C0373 codh:200021660:200021660_00022_1:B0001:C0065 codh:brsk00000:brsk005_035:B0001:C0055 codh:200021071:200021071_00077_1:B0001:C0080 codh:200025191:200025191_00041_2:B0001:C0116 hl:9d4189b32a46c402aab4a99774c2e3bb_33_009:be9c7f9d3d4d:8	2026-09-26
に	U+306B	わ	U+308F	41	codh:200021802:200021802_00040_2:B0001:C0171 hi:34037084 codh:200021802:200021802_00030_1:B0001:C0029 codh:200015843:200015843_00123_2:B0001:C0180 codh:200021712:200021712_00034_2:B0001:C0153 codh:200006665:200006665_00009_2:B0001:C0113 codh:200021802:200021802_00052_1:B0001:C0105 codh:200021802:200021802_00022_2:B0001:C0171	2026-09-26
は	U+306F	け	U+3051	41	codh:200021802:200021802_00043_2:B0001:C0057 codh:200021802:200021802_00027_2:B0001:C0170 hi:34227706 codh:200021802:200021802_00022_1:B0001:C0018 codh:200021802:200021802_00015_1:B0001:C0046 hl:68eb3417ed31bd40b47322289459eeec_28_072:be9c7f9d3d4d:23 codh:200021802:200021802_00045_2:B0001:C0059 hi:34225762	2026-09-26
を	U+3092	も	U+3082	41	hi:34056244 codh:100249416:100249416_00023_1:B0001:C0058 codh:200004148:200004148_00088_1:B0001:C0293 hi:34515221 hi:34227188 hi:34253561 hi:34361852 hi:34361468	2026-09-26
カ	U+30AB	力	U+529B	41	hl:62c6743982041882d0aefd6582ac6a84_94_006:be9c7f9d3d4d:9 codh:200021660:200021660_00070_1:B0001:C0302 codh:umgy00000:umgy009_027:B0001:C0145 hl:62c6743982041882d0aefd6582ac6a84_80_039:be9c7f9d3d4d:13 hl:62c6743982041882d0aefd6582ac6a84_85_005:be9c7f9d3d4d:17 codh:200021925:200021925_00005_1:B0001:C0015 hl:68C7BEFABCCE5DD6A2327799118C7CD1_73_000:be9c7f9d3d4d:23 codh:100249371:100249371_00005_2:B0001:C0001	2026-09-26
上	U+4E0A	と	U+3068	41	hi:34123835 hi:34098255 codh:200003076:200003076_00124_1:B0001:C0166 hi:34067510 hi:34070307 hi:34480380 hi:34048014 hi:34180888	2026-09-26
了	U+4E86	ら	U+3089	41	hi:34187639 hi:34077596 hi:34184553 hi:34102869 hi:34122312 hi:34077865 hi:34139481 hi:34203045	2026-09-26
有	U+6709	給	U+7D66	41	hi:34076706 hi:34198033 hi:34038563 hi:34267571 hi:34306478 hi:34023817 hi:34212245 hi:34236965	2026-09-26
被	U+88AB	衣	U+8863	41	hi:34147507 hi:34101096 hi:34321993 hi:34306082 hl:68C7BEFABCCE5DD6A2327799118C7CD1_56_010:be9c7f9d3d4d:15 hi:34100446 hi:34368536 hi:34102233	2026-09-26
に	U+306B	こ	U+3053	40	codh:100249416:100249416_00024_2:B0001:C0086 codh:200003967:200003967_00018_2:B0001:C0165 hi:34174407 codh:200017458:200017458_00046_2:B0001:C0310 codh:100249416:100249416_00032_2:B0001:C0094 codh:200021712:200021712_00083_1:B0001:C0099 hi:34266944 hl:68eb3417ed31bd40b47322289459eeec_8_022:be9c7f9d3d4d:6	2026-09-26
ん	U+3093	人	U+4EBA	40	hi:34078200 hi:34049186 codh:brsk00000:brsk002_007:B0001:C0249 hi:34254349 codh:200004148:200004148_00022_1:B0001:C0045 hi:34033973 hi:34062541 hi:34056169	2026-09-26
云	U+4E91	ミ	U+30DF	40	hi:34237167 hi:34207555 hi:34238875 hi:34236793 hi:34097549 hi:34101384 hi:34196677 hi:34147843	2026-09-26
参	U+53C2	よ	U+3088	40	hi:34269769 hi:34164567 hi:34161000 hi:34208269 hi:34150545 hi:34155603 hi:34155078 hi:34133873	2026-09-26
時	U+6642	付	U+4ED8	40	hi:34209240 hi:34201595 hi:34234880 hl:5B7E3F3297D1937C6677C28010C1C482_22_010:be9c7f9d3d4d:9 hi:34237488 hi:34236746 hi:34218154 hi:34362430	2026-09-26
