# Vietnamese words and their spelling in chữ Hán-Nôm, for the vi-Hani interface catalogue.
#
# scripts/build_vi_hani.py writes apps/review/src/locales/vi-Hani.json from vi.json by replacing
# each word, longest match first, with its spelling here. A word missing from this table stops the
# build; `--propose` suggests spellings for it from the sources below.
#
# source:
#   wiktionary  the English Wiktionary Vietnamese entries (CC BY-SA 4.0), through the kaikki.org
#               extract (https://kaikki.org/dictionary/Vietnamese/, file of 2026-09-20): a "CJK"
#               form of the word, a character glossed "chữ Nôm form of" it, or, for a Sino-Vietnamese
#               word, the Han etymon its etymology names (note "etymology").
#   unihan      the kVietnamese reading in Unihan 18.0.0 (Unicode, 2026-07-31).
#   joined      a compound joined here from syllables each attested in one of those two; the whole
#               word is not attested in that spelling.
#   editorial   chosen here without one of those sources: Sino-Vietnamese words written with their
#               Han etymon, and the script names.
# Where the sources attest several spellings of a word, the choice among them is editorial: the one
# for the sense the interface means (trong 𥪝 "in", theo 蹺 "along"), else the most attested.
# The spellings are an editorial reconstruction of how modern interface wording would be written in
# chữ Nôm; no Nôm text attests most of these phrases, and no native reader has reviewed them yet.
word	hannom	source	note
ai	埃	wiktionary	
ba	𠀧	wiktionary	"three" sense
bao	包	wiktionary	
buộc	纀	wiktionary	
bác bỏ	駁𠬃	joined	bác 駁 from Wiktionary's etymology of the sense "to reject"; bỏ as its own row
báo	報	wiktionary	
bên	邊	wiktionary	
bạn	伴	wiktionary	
bản	本	wiktionary	
bản in	本印	joined	each syllable attested
bản khắc	版刻	joined	each syllable attested
bản quyền	版權	wiktionary	
bẩn	𪷪	wiktionary	
bật	弼	wiktionary	
bắt	扒	wiktionary	
bằng	憑	wiktionary	etymology; the sense "by means of"
bị	被	wiktionary	
bỏ	𠬃	wiktionary	
bộ	部	wiktionary	
bớt	扒	wiktionary	
chia	𢺹	wiktionary	
cho	朱	wiktionary	
chuyển	轉	unihan	
chuẩn bị	準備	wiktionary	
chép	劄	wiktionary	
chì	𨦥	wiktionary	
chính	正	wiktionary	
chú giải	註解	wiktionary	
chưa	𣗓	wiktionary	
chế tác	製作	joined	each syllable attested
chỉ	只	wiktionary	
chỉ mục	指目	joined	each syllable attested
chỉnh	整	unihan	
chấp nhận	執認	wiktionary	Sino-Vietnamese word from 執 and 認
chọn	𫾗	wiktionary	
chốt	椊	wiktionary	
chờ	徐	wiktionary	
chứa	渚	wiktionary	
chữ	𡨸	wiktionary	
cuối	𣞄	wiktionary	
cuộn	𦄣	wiktionary	
các	各	unihan	
cách	格	wiktionary	etymology; the sense "way"
cái	丐	wiktionary	"classifier" sense, as in chữ cái
còn	羣	wiktionary	
có	𣎏	wiktionary	
có thể	固體	wiktionary	
công bố	公布	joined	each syllable attested
công cụ	工具	wiktionary	
cùng	共	wiktionary	
cũ	寠	wiktionary	
cạnh	兢	wiktionary	the most attested of its Nôm forms; Wiktionary also gives 𧣲
cả	哿	wiktionary	
cấm	禁	wiktionary	etymology
cấp	給	wiktionary	etymology; the sense "to grant"
cần	勤	wiktionary	
cơ sở	基礎	wiktionary	Sino-Vietnamese word from 基礎
cập nhật	及日	joined	each syllable attested
cắt	割	wiktionary	
cặp	及	wiktionary	"pair" sense
cổ	古	wiktionary	
cỡ	舉	wiktionary	
của	𧵑	wiktionary	
cửa	𨷯	wiktionary	
danh sách	名冊	joined	each syllable attested
di	移	wiktionary	
duyệt	閱	editorial	Unihan gives the variant 閲
dính	酩	wiktionary	
dò	𠻀	wiktionary	
dòng	𣳔	wiktionary	
dùng	用	wiktionary	
dư	餘	editorial	Wiktionary gives 餘 as the etymon; Unihan reads 余 dư too
dưới	𠁑	wiktionary	
dạng	樣	unihan	
dấu	唒	wiktionary	
dễ nhầm	𥚯𢗖	joined	each syllable attested
dị thể	異體	joined	each syllable attested
dừng	亭	wiktionary	
dữ liệu	與料	joined	each syllable attested
góc	角	unihan	
ghi	𥱬	wiktionary	
ghi công	𥱬功	joined	each syllable attested; công 功 "merit", as Wiktionary glosses ghi công
ghép	扱	wiktionary	
giao diện	交面	joined	each syllable attested
giáp cốt văn	甲骨文	wiktionary	
giây	𣆰	wiktionary	
giản thể	簡體	joined	each syllable attested
giấy	紙	wiktionary	
giống	種	wiktionary	
giữ	𡨹	wiktionary	
giữa	𡧲	wiktionary	
gugyeol	口訣	editorial	the script names written in Han characters
gán	檊	wiktionary	
gì	之	wiktionary	
gốc	㭲	wiktionary	
gốm	𡑲	wiktionary	
gồm	𡗄	wiktionary	
gỗ	楛	wiktionary	
gỡ	攑	wiktionary	the sense "to detach"
gợi	𢭮	wiktionary	
gửi	𠳚	wiktionary	the Nôm form glossed "to send"; 寄 is the Old Chinese source of the word, read ký
hai	𠄩	wiktionary	
hangul	諺文	editorial	the script names written in Han characters
hay	咍	wiktionary	the sense "or"
hiragana	平假名	editorial	the script names written in Han characters
hiển thị	顯示	wiktionary	etymology
hiện	現	unihan	
hiệu lực	效力	wiktionary	etymology
hoàn tác	還作	joined	each syllable attested
hoạt tự	活字	joined	each syllable attested
hoạt động	活動	wiktionary	etymology
hoặc	或	wiktionary	
hành thư	行書	joined	each syllable attested
hán	漢	wiktionary	
hãy	唉	wiktionary	
hình dạng	形樣	joined	each syllable attested
hơn	欣	wiktionary	
hạn	限	wiktionary	etymology; the sense "limit"
hạng	項	wiktionary	"rank" sense
hẹp	陿	wiktionary	
hết	歇	wiktionary	
hệ thống	系統	joined	each syllable attested
hỗn hợp	混合	wiktionary	
hủy	毀	wiktionary	spelled huỷ there
in	印	wiktionary	
kana	假名	editorial	the script names written in Han characters
katakana	片假名	editorial	the script names written in Han characters
khi	欺	wiktionary	
kho ngữ liệu	庫語料	joined	each syllable attested
khoảng	曠	wiktionary	
khung	穹	wiktionary	
khuôn mặt	囷𩈘	joined	each syllable attested; mặt 𩈘 "face"
khác	恪	wiktionary	
khám phá	勘破	joined	each syllable attested
khó	𧁷	wiktionary	
khóa	鎖	wiktionary	spelled khoá there; the sense "lock"
khôi phục	恢復	wiktionary	
không	空	wiktionary	
không thể	空體	wiktionary	
khải thư	楷書	editorial	Sino-Vietnamese, written with its Han etymon; neither source reads 楷 khải
khỏi	塊	wiktionary	
khớp	級	wiktionary	
kim loại	金類	joined	each syllable attested
kim văn	金文	joined	each syllable attested
kiếm	劍	wiktionary	
kiểm duyệt	檢閱	wiktionary	etymology
kiểm tra	檢查	wiktionary	
kiểu	矯	unihan	
kèm	兼	wiktionary	
kém	劔	wiktionary	the variant of 劍, which spells kiếm here
kéo	捁	wiktionary	
kích thước	戟𢭑	editorial	Wiktionary gives no etymon for this kích; 戟 is the only character Unihan reads kích, so the spelling is uncertain
ký hiệu	記號	wiktionary	spelled kí hiệu there
kết nối	結綏	joined	each syllable attested; nối 綏 the most attested of its Nôm forms, Wiktionary also gives 𦀼
kết quả	結果	wiktionary	
kỹ thuật	技術	wiktionary	spelled kĩ thuật there
latinh	拉丁	editorial	the script names written in Han characters; 拉丁 is how Chinese writes the name, and no Nôm spelling of Latinh is attested, so the spelling is uncertain
liên quan	聯關	joined	each syllable attested
liền	連	wiktionary	
loại	類	wiktionary	
là	羅	wiktionary	
làm	𫜵	wiktionary	
lên	𨖲	wiktionary	
lúc	𣅶	wiktionary	
lý do	理由	wiktionary	spelled lí do there
lưu	留	wiktionary	
lượt	𧙷	wiktionary	
lại	吏	wiktionary	
lấy	𥙩	wiktionary	
lần	吝	wiktionary	
lẫn	吝	wiktionary	Unihan reads 悋 lẫn
lập	立	wiktionary	
lệ thư	隸書	editorial	Sino-Vietnamese, written with its Han etymon; neither source reads 隸 lệ
lệ định	隸定	editorial	Sino-Vietnamese, written with its Han etymon; neither source reads 隸 lệ
lệch	瀝	wiktionary	
lệnh	令	wiktionary	etymology
lịch sử	歷史	wiktionary	
lọc	𤀓	wiktionary	
lỗi	磊	wiktionary	
lộn	侖	wiktionary	Wiktionary also gives 論, read luận in Sino-Vietnamese
lớn	𡘯	wiktionary	
lớp	垃	wiktionary	
lựa	攄	wiktionary	
minh triều	明朝	joined	each syllable attested
mà	𦓡	wiktionary	the Nôm form glossed "but"; Wiktionary also gives 麻
màu	牟	wiktionary	
máy	𣛠	wiktionary	
mã	碼	wiktionary	
mã trùng	碼重	joined	each syllable attested; 重 for the sense 'repeated'
mép	𠲵	wiktionary	
mũi tên	𪖫𥏍	joined	each syllable attested
mẫu	母	wiktionary	
mọi	每	wiktionary	
mỗi	每	wiktionary	
mộc bản	木版	joined	each syllable attested
một	𠬠	wiktionary	
mới	𡤓	wiktionary	
mở	𨷑	wiktionary	
mục	目	wiktionary	
mục tiêu	目標	wiktionary	
mực	墨	wiktionary	
nay	尼	wiktionary	
nguyên	原	wiktionary	
nguyên bản	原本	wiktionary	
nguồn	源	wiktionary	
ngôn ngữ	言語	wiktionary	
người	𠊛	wiktionary	
ngắn	𥐇	wiktionary	
ngắt	𢪰	wiktionary	the sense "cut off"; Wiktionary also gives 𢩧 扢
ngữ cảnh	語境	joined	each syllable attested
nhanh	伶	wiktionary	
nhau	𦣗	wiktionary	
nhiều	𡗉	wiktionary	
nhiễu	擾	unihan	
nhãn	眼	unihan	
nhóm	佔	wiktionary	
như	如	unihan	
nhưng	仍	wiktionary	
nhấn	刃	wiktionary	
nhất	一	wiktionary	
nhận	認	wiktionary	etymology
nhập	入	wiktionary	
nhật	日	unihan	
những	仍	wiktionary	
nào	𱜢	wiktionary	
này	呢	wiktionary	
nét	涅	wiktionary	
nên	年	wiktionary	
nó	伮	wiktionary	
nếu	裊	wiktionary	
nữa	女	wiktionary	
phiên	番	wiktionary	etymology
phát hành	發行	wiktionary	etymology
phân loại	分類	wiktionary	
phép	法	wiktionary	
phím	乏	wiktionary	
phái sinh	派生	wiktionary	
phóng to	放𡚢	joined	each syllable attested
phút	丿	wiktionary	the sense "minute"
phương thức	方式	joined	each syllable attested
phải	沛	wiktionary	
phản hồi	反回	joined	each syllable attested
phần	分	wiktionary	
qua	過	wiktionary	
quay	乖	wiktionary	
quyết định	決定	wiktionary	
quyền	權	wiktionary	etymology
quá	過	wiktionary	
quản trị	管治	wiktionary	etymology
ra	𠚢	wiktionary	
riêng	𥢅	wiktionary	
rõ	𠓑	wiktionary	
rõ ràng	𤑟𤉜	wiktionary	
rút gọn	𪮊𦄣	joined	each syllable attested
rồi	耒	wiktionary	
sai	差	wiktionary	
sang	𨖅	wiktionary	
sao chép	抄劄	joined	each syllable attested
sau	𢖕	wiktionary	
sàng	𬕌	wiktionary	
sách	冊	wiktionary	
sáng	𤏬	wiktionary	the sense "bright"; Wiktionary and Unihan also give 創 for Sino-Vietnamese sáng
sưu tập	搜集	joined	each syllable attested
sắp	拉	wiktionary	
sắt	𨫊	wiktionary	
sẵn	𫤢	wiktionary	
sẽ	士	wiktionary	the future marker; Wiktionary gives 𠱊 for the adjective sẽ "softly"
số	數	wiktionary	
số liệu	數料	wiktionary	etymology
sổ	數	wiktionary	
sử dụng	使用	wiktionary	
sửa	𢯢	wiktionary	
sự	事	wiktionary	
tay	拪	wiktionary	
tham chiếu	參照	wiktionary	
thay	台	wiktionary	
thay thế	台替	joined	each syllable attested
theo	蹺	wiktionary	
thiết bị	設備	wiktionary	etymology
thiếu	少	wiktionary	
thu	收	wiktionary	
thu hồi	收回	wiktionary	etymology
thu nhỏ	收𡮈	joined	each syllable attested
thu thập	收拾	joined	each syllable attested
thuyết	説	unihan	
thuyết văn	說文	editorial	Sino-Vietnamese, written with its Han etymon; the sources give the variant 説
thành	成	wiktionary	
thêm	添	wiktionary	
thông dụng	通用	joined	each syllable attested
thông giả	通假	joined	each syllable attested
thạch bản	石版	joined	each syllable attested
thảo thư	草書	joined	each syllable attested
thấy	𧡊	wiktionary	
thống kê	統計	wiktionary	etymology
thời gian	時間	wiktionary	
thứ tự	次序	editorial	Sino-Vietnamese reading of the Han word
thừa	乘	wiktionary	
thử	試	wiktionary	
thực	實	wiktionary	
tiến độ	進度	wiktionary	
tiếng	㗂	wiktionary	
tiếp	接	unihan	
tiếp tục	接續	wiktionary	
tra	查	wiktionary	
trang	張	wiktionary	
trang chủ	張主	joined	each syllable attested
triện thư	篆書	joined	each syllable attested
trong	𥪝	wiktionary	
truy cập	追及	wiktionary	etymology
trên	𨕭	wiktionary	
trình duyệt	呈閱	wiktionary	Wiktionary's Nôm form; the word is a Vietnamese coinage
trình đơn	程單	joined	Wiktionary: blend of chương trình 章程 and thực đơn 食單; each syllable attested
trích xuất	摘出	joined	each syllable attested
trước	𠓀	wiktionary	
trạng thái	狀態	joined	each syllable attested
trắng	𤽸	wiktionary	
trọn	𠓻	wiktionary	
trộn	遁	wiktionary	
trở	𧿨	wiktionary	
trừ	除	wiktionary	
tài khoản	財款	wiktionary	etymology
tài liệu	材料	editorial	Sino-Vietnamese, written with its Han etymon; neither source reads 材 tài
tác phẩm	作品	wiktionary	
tách	索	wiktionary	
tân tự thể	新字體	joined	each syllable attested
tên	𠸜	wiktionary	the sense "name"
tìm	尋	wiktionary	
tính	併	wiktionary	"to calculate" sense
tôi	碎	wiktionary	
tương thích	相適	joined	each syllable attested
tương tự	相似	wiktionary	
tạm	暫	unihan	
tải	載	unihan	
tất	悉	wiktionary	
tắt	𢴑	wiktionary	
tối	𣋁	wiktionary	the sense "dark"; 最 is Sino-Vietnamese tối "most"
từ	自	wiktionary	
từ khóa	詞鎖	editorial	khoá 鎖 in Wiktionary
từng	曾	wiktionary	
tự dạng	字樣	joined	each syllable attested
tự hình	字形	joined	each syllable attested
tự hình đại đồ phổ	字形大圖譜	editorial	the project name 字形大圖譜
tự tộc	字族	joined	each syllable attested
tự vị	字位	joined	each syllable attested
viên	員	wiktionary	etymology; the suffix "member"
viết	曰	wiktionary	
việc	役	wiktionary	
và	吧	wiktionary	
vào	𠓨	wiktionary	
vài	𠄽	wiktionary	"some"; one of the spellings Wiktionary gives (𠄩 𱎓 𢽼 𬏓 排 𠄽)
vân	紋	wiktionary	etymology: the non-Sino-Vietnamese reading of 紋
vì	位	wiktionary	
vòng	釯	wiktionary	
vùng	塳	wiktionary	
văn	文	wiktionary	
văn khắc	文刻	joined	each syllable attested
vấn đề	問題	wiktionary	
vẫn	𫪏	wiktionary	
vẹn	院	wiktionary	
vẻ	𲇀	wiktionary	
vẽ	𦘧	wiktionary	
vết	𤵖	wiktionary	
về	𡗅	wiktionary	
vị trí	位置	wiktionary	
với	貝	wiktionary	the preposition "with"
vừa	𣃣	wiktionary	
xem	䀡	wiktionary	
xong	冲	wiktionary	
xuất	出	wiktionary	
xác nhận	確認	wiktionary	
xác định	確定	wiktionary	
xáo	𢫚	wiktionary	
xóa	挅	wiktionary	spelled xoá there
xưa	𠸗	wiktionary	
xếp	插	wiktionary	
xử lý	處理	wiktionary	spelled xử lí there
yêu cầu	要求	wiktionary	etymology
áp dụng	壓用	wiktionary	
ít	𠃣	wiktionary	
ô	烏	editorial	Wiktionary gives no Hán-Nôm form for the sense "square marked on a surface"; 烏 is the attested spelling of its homophones, so the spelling is uncertain
ý	意	wiktionary	
đa	多	unihan	Sino-Vietnamese đa 'many'; Wiktionary's 栘 is đa 'banyan'
đang	當	wiktionary	
đen	顛	wiktionary	
điều hướng	調向	joined	each syllable attested
điều khoản	條款	joined	each syllable attested
điều kiện	條件	wiktionary	
điển hình	典型	wiktionary	
đá	𥒥	wiktionary	
đáng ngờ	𠎬疑	joined	each syllable attested
đánh	打	wiktionary	
đánh giá	打價	joined	each syllable attested
đây	低	wiktionary	
đã	㐌	wiktionary	
đó	妬	wiktionary	Wiktionary's Nôm for đó "that"; 妬 is also Sino-Vietnamese đố
đóng	㨂	wiktionary	
đúng	中	wiktionary	
đăng	登	wiktionary	etymology
đơn vị	單位	wiktionary	etymology
đưa	迻	wiktionary	
được	特	wiktionary	
đại diện	代面	wiktionary	etymology
đầu	頭	wiktionary	
đặt	撻	wiktionary	
đến	𦤾	wiktionary	
đề xuất	提出	wiktionary	
để	底	wiktionary	
địa chỉ	地址	wiktionary	etymology
địa phương	地方	joined	each syllable attested
định vị	定位	wiktionary	
đọc	讀	wiktionary	
đồ phổ	圖譜	editorial	圖譜
đồng	銅	wiktionary	
đồng bộ	同步	wiktionary	etymology; the sense "to sync"
đồng nghĩa	同義	joined	each syllable attested
đồng thời	同時	joined	each syllable attested
đồng đẳng	同等	joined	each syllable attested
đổi	對	wiktionary	
độ	度	wiktionary	
ảnh	影	unihan	
ẩn	隱	wiktionary	
ẩn danh	隱名	wiktionary	etymology
ở	於	wiktionary	
biết	別	wiktionary	
bán	半	wiktionary	the verb "to sell"
băm	乏	wiktionary	the verb "to mince", used for a hash
bảng	榜	wiktionary	etymology
câu hỏi	句𠳨	wiktionary	
chế độ	制度	wiktionary	etymology
cung cấp	供給	wiktionary	etymology
cũng	共	wiktionary	
công khai	公開	wiktionary	etymology
do	由	wiktionary	etymology; the sense "by"
dõi	唯	wiktionary	the sense "to follow closely"
dịch vụ	役務	wiktionary	etymology
duy trì	維持	wiktionary	etymology
giá trị	價值	wiktionary	etymology
giờ	𣇞	wiktionary	
gần	𧵆	wiktionary	
hạ tầng	下層	joined	Wiktionary: 下 + tầng, a non-Sino-Vietnamese reading of 層
hồ sơ	胡疏	editorial	Wiktionary gives no etymology; the Sino-Vietnamese spelling is uncertain
kết thúc	結束	wiktionary	etymology
kho	庫	wiktionary	the noun "storehouse"
liệt kê	列計	wiktionary	etymology
muốn	悶	wiktionary	
mười	𨒒	wiktionary	
ngày	𣈜	wiktionary	
nhà	茹	wiktionary	
nhớ	𢖵	wiktionary	
nằm	𦣰	wiktionary	the sense "to be located"
quảng cáo	廣告	wiktionary	etymology
riêng tư	𥢅私	joined	Wiktionary: riêng + tư, tư from 私 "private"
rằng	浪	wiktionary	
thiết lập	設立	wiktionary	etymology
thông tin	通信	wiktionary	etymology
tạo	造	wiktionary	etymology
tốc độ	速度	wiktionary	etymology
vận hành	運行	wiktionary	etymology
đo	都	wiktionary	
phân tích	分析	joined	Wiktionary: phân from 分, tích the reading of 析
