# Words that characters are cited as writing; see docs/decisions/0004-word-spellings.md. Kept by hand.
# An id is the language, the reading in historical kana and the word class, so that the particle のみ
# and the verb form のみ (飲み) are two words.
# source wiktionary-ja: Wiktionary 日本語版; CC-BY-SA-4.0 (https://ja.wiktionary.org/wiki/Wiktionary:著作権); Wiktionary 日本語版の執筆者 (revision in the detail of each row). An open wiki, not a reviewed dictionary.
id	language	reading	class	source	detail
ja/ばかり/副助詞	ja	ばかり	副助詞	wiktionary-ja	ばかり, revision 2291631 (2026-06-30): ===助詞=== … [[Category:{{ja}}_助詞_副助詞]]
ja/など/副助詞	ja	など	副助詞	wiktionary-ja	など, revision 2321513 (2026-08-14): ===助詞=== {{head|jpn|parti|cat2=助詞 副助詞}}
ja/のみ/副助詞	ja	のみ	副助詞	wiktionary-ja	のみ, revision 2015613 (2024-10-18): ===助詞=== … [[カテゴリ:{{ja}}_助詞_副助詞]]
ja/さて/接続詞	ja	さて	接続詞	wiktionary-ja	さて, revision 1741084 (2023-02-08): ==={{conjunction}}=== {{head|ja|conjunction}}【[[扠]], [[扨]], [[偖]]】
ja/まで/副助詞	ja	まで	副助詞	wiktionary-ja	まで, revision 2336640 (2026-08-26): ==={{parti}}=== {{ja-parti|迄}}（{{タグ|ja|副助詞}}
ja/およそ/副詞	ja	およそ	副詞	wiktionary-ja	およそ, revision 2275840 (2026-05-26): ==={{adverb}}=== {{ja-adv}}【凡そ】
ja/すなはち/接続詞	ja	すなはち	接続詞	wiktionary-ja	すなわち (the entry in modern kana), revision 1487124 (2021-08-16): ===接続詞===
ja/なほ/副詞	ja	なほ	副詞	wiktionary-ja	なお (the entry in modern kana), revision 1963703 (2024-06-27): ==={{adv}}=== {{ja-adv|尚|猶}}
ja/ほか/名詞	ja	ほか	名詞	wiktionary-ja	ほか, revision 1986937 (2024-08-01): ==={{noun}}=== {{ja-noun|他|外}}
