character	crops
の	56530
に	54779
し	48724
て	42490
と	38059
り	35006
は	34062
を	33954
か	32102
な	30568
る	29221
も	27289
た	23348
い	22653
く	20791
ら	19608
き	18093
れ	17786
へ	17682
候	16468
ま	15963
つ	14767
す	14618
さ	14538
う	14487
あ	13906
ふ	13682
ん	13531
一	12993
御	12670
け	12344
や	12301
こ	12155
よ	12092
ひ	11602
事	11295
之	10748
人	10645
お	10563
が	10352
せ	8962
日	8560
そ	8005
シ	7779
ば	7658
ハ	7512
め	7437
ゝ	7390
上	7330
大	7192
三	6887
十	6869
ニ	6682
申	6632
此	6502
み	6329
イ	6129
其	6042
ち	5916
所	5796
出	5724
ア	5495
中	5331
わ	5172
五	5067
二	5044
々	5036
也	4956
可	4951
ど	4870
入	4780
リ	4772
下	4732
見	4706
者	4690
有	4671
又	4621
ツ	4543
云	4502
時	4470
だ	4452
ン	4432
ノ	4414
ね	4390
子	4354
ろ	4340
ほ	4330
被	4303
で	4270
月	4262
ヲ	4196
カ	4159
ト	4134
物	4106
水	4064
年	4057
ぬ	4025
八	3974
ず	3932
べ	3904
む	3884
四	3884
〱	3753
百	3677
国	3617
六	3606
ゆ	3560
是	3531
方	3491
ル	3426
じ	3423
不	3384
七	3379
心	3346
間	3307
村	3296
前	3260
右	3222
今	3203
テ	3177
山	3172
小	3167
ヤ	3156
給	3155
以	3115
内	3087
家	3030
行	3016
何	3007
地	2938
ナ	2934
同	2897
様	2890
相	2885
ウ	2831
高	2755
来	2734
タ	2724
後	2710
合	2700
石	2643
付	2608
レ	2578
如	2571
九	2564
言	2564
分	2506
手	2495
ラ	2467
・	2454
仕	2425
ざ	2414
門	2395
女	2390
び	2357
奉	2322
無	2321
キ	2297
升	2290
殿	2266
等	2260
成	2228
、	2201
コ	2196
為	2189
田	2189
▲	2188
づ	2176
道	2176
屋	2172
拾	2161
本	2155
ケ	2147
川	2138
取	2128
立	2117
身	2102
ミ	2087
世	2087
ク	2082
長	2080
通	2075
斗	2053
由	2049
目	2018
ご	2016
思	2007
衛	2004
左	1986
マ	1981
天	1968
名	1958
参	1924
文	1867
置	1866
共	1863
町	1854
度	1841
書	1837
聞	1809
神	1771
げ	1770
外	1766
チ	1757
ぶ	1750
ヽ	1746
ネ	1743
代	1728
居	1728
ヨ	1727
え	1700
仰	1697
次	1688
儀	1684
千	1677
郎	1676
弐	1664
モ	1661
ぞ	1655
馬	1641
座	1637
知	1637
用	1634
木	1604
生	1604
先	1587
金	1587
東	1582
「	1555
。	1552
少	1539
夜	1537
風	1534
口	1525
然	1521
ム	1511
松	1508
ぎ	1486
而	1475
夷	1465
我	1462
戸	1459
明	1457
得	1451
気	1441
法	1440
夫	1396
野	1389
白	1385
朝	1381
ぐ	1372
西	1361
廿	1359
於	1345
江	1344
ぼ	1327
着	1326
○	1323
流	1320
及	1318
願	1312
壱	1309
主	1306
故	1302
守	1267
兵	1266
土	1266
彼	1262
海	1257
正	1253
多	1251
存	1245
自	1244
セ	1239
程	1236
酒	1236
平	1235
フ	1232
切	1221
色	1213
ゑ	1210
ヘ	1198
吉	1195
当	1192
令	1191
能	1186
引	1179
元	1171
近	1167
義	1166
定	1150
米	1150
侍	1143
第	1142
諸	1136
至	1135
太	1134
処	1127
サ	1124
ヱ	1115
難	1111
状	1108
ス	1100
持	1100
進	1097
島	1094
数	1094
帰	1092
ゞ	1081
頭	1078
作	1070
別	1066
花	1064
ゐ	1056
蝦	1051
ユ	1050
船	1049
両	1046
原	1037
重	1037
春	1032
治	1031
実	1027
去	1023
渡	1023
部	1009
南	1007
恐	1005
北	996
和	984
寺	980
河	980
依	976
意	957
州	956
遣	952
藤	951
敷	948
里	944
男	932
万	931
親	927
食	926
古	923
在	921
ロ	920
納	915
火	912
公	902
津	901
理	901
私	895
条	892
若	890
向	879
足	867
新	863
院	863
郡	849
了	847
常	847
葉	841
死	837
鳥	837
越	836
京	834
節	822
宮	818
細	817
打	816
久	813
面	810
予	801
将	798
草	794
都	790
使	786
辺	783
橋	781
領	781
仍	774
師	766
安	762
早	758
直	757
味	755
返	754
赤	749
落	747
番	743
請	735
路	734
ぢ	733
加	733
武	732
過	724
弁	722
或	720
記	719
雨	719
語	717
信	715
ホ	712
歟	712
𛂞	709
種	708
根	706
臣	705
乗	702
伊	702
防	702
件	701
失	700
段	700
形	699
字	693
忠	693
汁	692
宿	691
蔵	690
沙	684
勢	682
光	679
半	679
召	678
ワ	676
住	675
浸	674
勝	673
衆	667
謹	667
バ	666
皆	660
命	659
役	658
湯	657
他	655
紙	654
遠	654
違	653
ー	652
城	645
破	643
丁	633
玉	633
魚	633
猶	631
利	630
類	630
但	629
永	629
卿	626
害	625
煮	625
銀	625
ぜ	623
王	623
房	622
初	617
悪	616
衣	616
歌	615
旨	607
寄	606
覚	605
清	602
具	600
佐	598
豆	598
退	597
尺	596
蚕	595
極	594
老	594
致	594
差	592
茶	590
非	590
粉	585
従	584
哉	583
経	583
各	581
嶋	579
伝	578
助	578
尋	577
承	576
終	572
余	570
未	566
羽	560
只	555
迄	555
比	553
連	552
例	548
焼	548
奥	547
往	547
折	546
角	546
ヌ	543
民	542
音	538
説	537
跡	537
官	536
問	535
丹	533
甚	532
留	530
場	528
堤	526
宗	523
計	521
声	520
罷	520
秋	516
巻	515
井	511
達	507
断	506
塩	505
売	502
与	500
母	500
力	499
〵	497
趣	496
雖	496
雲	496
丸	494
残	494
頃	487
刀	486
父	483
竹	483
仏	482
業	482
油	481
廻	480
則	477
汰	477
商	476
談	475
深	474
尤	473
更	473
メ	472
異	472
餅	472
病	470
ベ	468
凡	468
集	468
似	467
関	467
養	467
歩	462
起	461
ヒ	460
位	460
就	460
保	459
任	456
始	456
徳	455
捨	455
已	452
砂	452
許	452
調	452
賀	451
政	450
供	449
職	449
氏	447
礼	447
末	446
源	444
頼	442
ぷ	440
悲	440
君	439
茂	439
指	438
薩	436
貫	434
懸	433
替	433
美	432
寸	428
舟	428
午	424
布	424
止	423
谷	423
プ	422
全	422
僧	421
量	421
品	420
阿	420
兼	418
強	417
飯	416
念	415
殊	415
波	415
青	415
善	414
潰	414
〻	413
爰	413
尾	412
体	410
幸	409
夏	408
待	408
追	408
士	406
最	406
雪	405
坂	404
損	401
銭	401
香	401
毎	398
急	396
梅	396
筋	395
市	394
首	393
餘	392
唐	391
崎	391
沢	391
糸	389
詞	389
并	388
産	388
真	388
介	386
扨	384
盛	384
陣	383
岸	382
延	382
遊	382
開	382
刻	381
客	380
呼	379
桑	378
会	376
楽	374
皮	374
仁	372
答	371
軍	371
送	371
便	369
牛	369
露	368
〳	367
情	367
」	365
交	365
郷	365
黒	365
総	364
弥	363
司	362
限	362
亦	361
発	361
易	360
糖	360
冬	359
教	357
勤	356
化	356
器	356
応	356
略	356
ヶ	354
庄	352
弟	352
歳	352
案	351
尊	350
帯	350
志	349
図	347
腹	347
好	346
祝	346
良	346
誠	346
ゟ	345
報	345
笠	345
因	344
府	343
料	343
押	341
拝	341
苦	341
）	340
印	338
示	338
福	338
（	338
俗	336
社	336
宜	335
浜	335
興	335
車	335
寒	334
増	333
飛	333
貴	332
惣	331
張	330
暮	330
毛	330
薄	330
妙	329
表	329
随	328
夕	326
反	324
妻	324
舞	323
丈	322
黄	321
宣	320
〲	318
権	318
台	317
縁	317
附	317
床	316
慈	316
即	315
季	315
堂	313
尚	313
結	312
論	312
干	311
壊	310
乍	309
笑	308
積	307
薬	307
広	306
造	306
受	303
摩	303
豊	303
煎	302
那	302
到	301
息	301
掛	300
畑	300
買	300
林	299
筆	299
要	299
服	298
望	297
済	297
宝	296
板	296
尽	292
晴	292
注	292
宅	291
必	290
智	290
濃	290
解	289
欲	287
婦	286
佛	285
富	284
愛	284
斯	284
称	284
空	284
性	283
束	283
漬	283
矢	283
賢	283
執	281
星	281
益	281
証	280
込	280
箱	279
組	279
走	279
対	278
改	278
誰	278
陰	277
預	277
果	276
猟	276
袖	276
雑	276
借	275
眼	275
吹	274
学	274
甲	274
除	274
曰	273
満	273
喜	272
崩	272
己	272
負	271
階	271
委	269
弘	269
鹿	269
岡	268
陸	268
膳	267
児	266
判	266
動	266
建	266
悉	266
運	266
菜	265
乱	264
備	264
岩	263
裏	263
絶	262
ソ	261
忍	261
曽	261
染	261
麦	261
陽	260
尉	259
于	258
喰	258
隠	258
揚	257
汝	257
降	257
才	255
浅	255
精	255
且	254
庭	254
軽	254
散	253
求	253
紀	253
伏	252
夢	252
當	251
處	251
札	250
昼	249
泉	249
端	249
耳	249
荒	249
鬼	249
尻	248
式	248
献	248
羅	248
兄	247
漸	247
勘	246
枝	246
穴	246
肥	246
議	246
葛	244
旦	243
友	240
貞	240
察	239
放	237
娘	236
工	236
労	235
戦	235
毒	235
珍	235
皇	235
ぱ	233
功	233
横	233
腰	233
菩	233
ヿ	232
弓	232
慶	232
熊	232
片	232
感	231
柳	231
祭	231
製	231
再	230
卵	230
浮	230
続	230
亭	229
畢	229
免	228
昔	228
髪	228
狼	226
堅	225
界	225
曲	223
紅	223
輪	223
宇	222
護	221
奏	220
孫	220
敵	220
昨	220
県	220
仮	219
卒	218
輔	218
鶴	218
修	216
登	216
華	216
鍋	216
鳴	216
愚	215
話	215
坊	214
支	214
救	214
景	214
倉	213
肉	213
録	213
順	213
円	212
徒	212
既	212
梁	212
犬	212
乙	211
匁	211
宰	211
瀬	211
譲	211
吾	210
恋	210
涙	210
焚	210
浦	209
告	208
拙	208
噌	207
披	207
袋	207
仙	206
卯	206
辛	206
互	203
詰	203
逢	203
倒	202
復	202
減	202
織	202
顔	202
回	201
辰	201
期	200
浪	200
酔	200
肝	199
底	197
旅	197
皿	197
蓋	197
習	196
麻	196
唯	195
國	195
移	195
篭	195
舎	195
貝	195
顕	195
務	193
翌	193
須	193
庫	192
提	192
杉	192
現	192
骨	192
包	191
綿	191
蝶	191
軒	191
姓	190
疋	190
樹	189
穀	189
厚	188
秀	188
菓	188
枚	186
經	186
耕	186
還	186
配	186
帳	185
恩	185
祖	185
罪	185
尼	184
忘	184
消	184
胡	184
鉄	184
鉢	184
休	183
氷	183
背	183
鼻	183
朱	182
杯	182
編	182
謂	182
ゖ	181
点	181
雄	181
雅	181
変	180
奇	180
爾	180
冷	179
悦	179
惶	179
慮	179
洗	179
隆	179
卅	178
園	178
堪	178
枕	178
殺	178
紫	177
仲	176
虫	176
來	175
周	175
振	175
柱	175
句	174
境	174
届	174
模	174
祈	174
割	173
呑	173
忽	173
歎	173
胸	173
輩	173
勿	172
幾	172
照	172
疑	172
腐	172
離	172
亡	171
寝	171
掌	171
竜	170
逃	170
姉	169
幡	169
荷	169
考	168
聖	168
乃	167
爲	166
粟	166
蒲	166
坐	165
桜	165
玄	165
覧	165
堀	164
室	164
肴	164
醤	164
鼠	164
决	163
蓮	163
農	163
●	162
威	162
影	162
洛	162
詠	162
遺	162
蒙	161
旧	160
泣	160
猪	160
詣	160
乞	159
亀	159
按	159
棟	159
浄	159
財	159
審	158
抱	158
暫	158
独	158
著	158
鯛	158
制	157
忌	157
施	157
煙	157
聲	157
芋	157
催	156
号	156
池	156
貢	156
転	156
飼	156
俊	155
濁	155
畝	155
馳	155
龍	155
勅	154
孝	154
茸	154
速	154
震	154
俄	153
傷	153
列	152
巳	152
滅	152
熟	152
約	152
繁	152
臨	152
警	152
鉾	152
普	151
栄	151
観	151
遅	151
飲	151
容	150
惜	150
捕	150
暦	150
障	150
沼	149
蒸	149
貧	149
酢	149
並	148
帝	148
決	148
遂	148
冠	147
寛	147
驚	147
垣	146
推	146
温	146
畏	146
資	146
賞	146
綱	145
ぽ	144
惑	144
晩	144
烏	144
棚	143
添	143
督	143
禁	143
秘	143
設	143
迷	143
ブ	142
哀	142
専	142
懐	142
狂	142
筑	142
陀	142
呉	141
禅	141
箸	141
隣	141
伯	140
呂	140
育	140
吸	139
敬	139
芸	139
質	139
虎	138
討	138
隔	138
ビ	137
凶	137
勇	137
宛	137
敢	137
章	137
詳	137
際	137
姿	136
婆	136
桶	136
館	136
払	135
恥	134
抑	134
暴	134
況	134
漢	134
煩	134
畿	134
窮	134
素	134
銅	134
固	133
抜	133
獣	133
禄	133
萬	133
隅	133
嫌	132
射	132
斎	132
機	132
没	132
訴	132
𛁈	132
傍	131
甘	131
微	130
瓜	130
盗	130
識	130
静	130
史	129
寅	129
寐	129
属	129
珠	129
エ	128
箇	128
算	128
途	128
悟	127
晦	127
植	127
脇	127
血	127
鎌	127
丙	126
充	126
快	126
柄	126
鴨	126
沖	125
副	124
寶	124
惨	124
滝	124
講	124
釜	124
基	123
恵	123
戌	123
族	123
灯	123
童	123
絵	123
臥	123
補	123
グ	122
奴	122
椒	122
泥	122
洪	122
湖	122
畠	122
掃	121
授	121
短	121
科	121
貌	121
否	120
啓	120
想	120
読	120
述	120
却	119
寿	119
席	119
憂	119
麗	119
剋	118
密	118
某	118
泊	118
滞	118
盤	118
聊	118
載	118
霜	118
康	117
拵	117
網	117
訳	117
停	116
傾	116
悔	116
應	116
盆	116
笏	116
責	116
乾	115
柴	115
縄	115
訓	115
詮	115
邊	115
酉	115
閑	115
駿	115
咄	114
痛	114
籠	114
翁	114
丑	113
奈	113
摺	113
暑	113
瓶	113
画	113
賊	113
迎	113
題	113
俵	112
塵	112
數	112
旬	112
沈	112
狭	112
継	112
刑	111
員	111
暇	111
稲	111
脚	111
菊	111
覆	111
踏	111
冊	110
垂	110
埋	110
盡	110
箭	110
闇	110
霊	110
后	109
吟	109
廣	109
彦	109
恨	109
昌	109
暖	109
栗	109
蛇	109
雁	109
扇	108
梨	108
構	108
競	108
絹	108
羊	108
逆	108
危	107
狐	107
畳	107
術	107
賜	107
避	107
丘	106
兎	106
撰	106
椀	106
熱	106
窓	106
頓	106
活	105
側	104
収	104
帆	104
招	104
祇	104
頂	104
乳	103
溢	103
漁	103
線	103
芝	103
装	103
鶏	103
写	102
宴	102
幽	102
畜	102
群	102
邪	102
鷹	102
伴	101
緒	101
舌	101
ボ	100
ポ	100
偽	100
導	100
怪	100
塗	99
庵	99
弱	99
淨	99
災	99
發	99
竟	99
管	99
蒔	99
邦	99
𛁭	99
剣	98
厳	98
困	98
希	98
揃	98
格	98
缺	98
與	98
鏡	98
頗	98
懇	97
投	97
殆	97
評	97
ぺ	96
契	96
幣	96
序	96
忝	96
怠	96
昇	96
激	96
縫	96
誉	96
〆	95
侭	95
挙	95
漂	95
球	95
鐘	95
陳	95
パ	94
亥	94
巨	94
曾	94
材	94
丞	93
僅	93
妹	93
扶	93
摂	93
杖	93
疾	93
省	93
詩	93
隈	93
飾	93
咲	92
坪	92
朔	92
炭	92
盃	92
簾	92
虚	92
躰	92
辞	92
頻	92
𪜈	92
乎	91
団	91
岐	91
幼	91
惡	91
濫	91
禦	91
粒	91
視	91
含	90
惟	90
欠	90
騒	90
嘉	89
沿	89
湊	89
磯	89
艘	89
薪	89
隨	89
矣	88
肩	88
亮	87
戯	87
滿	87
潮	87
疎	87
這	87
雀	87
医	86
唱	86
壁	86
宵	86
巾	86
從	86
態	86
戴	86
森	86
牽	86
琴	86
究	86
霧	86
馴	86
鮭	86
伐	85
愁	85
條	85
琉	85
看	85
篇	85
簡	85
遥	85
飢	85
鮮	85
鼓	85
〇	84
ぴ	84
勧	84
厭	84
戒	84
浴	84
触	84
倍	83
塞	83
庚	83
怖	83
爺	83
猛	83
獲	83
碗	83
突	83
膝	83
蔭	83
匂	82
巡	82
播	82
洋	82
漉	82
眉	82
磨	82
釣	82
ッ	81
叶	81
堺	81
實	81
屈	81
拠	81
校	81
検	81
羹	81
般	81
輿	81
雷	81
電	81
額	81
魂	81
夥	80
姫	80
店	80
昆	80
暁	80
樂	80
渉	80
煉	80
範	80
紋	80
脩	80
針	80
享	79
庁	79
慥	79
柚	79
笛	79
脱	79
誓	79
灰	78
燭	78
穢	78
統	78
舶	78
闕	78
〽	77
劫	77
揖	77
蘇	77
騎	77
串	76
垢	76
壬	76
妾	76
怒	76
恭	76
慧	76
桃	76
概	76
演	76
烈	76
眠	76
稀	76
純	76
覺	76
顧	76
億	75
博	75
學	75
棄	75
汲	75
洞	75
涯	75
燈	75
特	75
葬	75
譬	75
象	75
鯉	75
墨	74
幷	74
掻	74
査	74
樽	74
率	74
荘	74
觀	74
鎮	74
閉	74
髭	74
優	73
抽	73
涼	73
渋	73
謀	73
貰	73
餡	73
低	72
會	72
歯	72
縣	72
縦	72
號	72
譜	72
輝	72
轉	72
嚴	71
氣	71
潤	71
罰	71
臈	71
踊	71
険	71
鳩	71
厄	70
弾	70
斤	70
蜜	70
貯	70
迦	70
些	69
像	69
塚	69
嬉	69
律	69
斐	69
杓	69
橘	69
禮	69
稼	69
莫	69
菅	69
蘭	69
訖	69
讃	69
錦	69
冶	68
妨	68
把	68
接	68
測	68
耶	68
袴	68
賎	68
跪	68
乏	67
伽	67
湧	67
漏	67
焉	67
猿	67
署	67
聽	67
逗	67
鑑	67
准	66
埒	66
挿	66
泰	66
洲	66
漲	66
稗	66
糧	66
貪	66
躍	66
駕	66
鯨	66
剛	65
堵	65
壽	65
廊	65
採	65
歡	65
猫	65
疵	65
癸	65
眞	65
策	65
藻	65
辻	65
鍛	65
傳	64
典	64
憎	64
撫	64
斉	64
歴	64
索	64
萩	64
證	64
釈	64
閒	64
鷲	64
麩	64
ド	63
争	63
寂	63
慰	63
枯	63
樓	63
祗	63
繭	63
聚	63
英	63
藏	63
藥	63
遷	63
㒵	62
央	62
庶	62
憲	62
懈	62
旁	62
槌	62
眾	62
符	62
筒	62
誦	62
辱	62
酌	62
銘	62
隙	62
卽	61
哥	61
塔	61
嫁	61
封	61
巧	61
广	61
憑	61
憚	61
懃	61
拍	61
敗	61
淸	61
渠	61
蟹	61
衰	61
逐	61
陵	61
駈	61
魔	61
鱠	61
削	60
患	60
楊	60
獄	60
紛	60
芳	60
芽	60
規	60
豈	60
迫	60
鮒	60
喧	59
履	59
彌	59
恒	59
惚	59
架	59
桂	59
槃	59
炊	59
牧	59
臭	59
響	59
伺	58
占	58
嘆	58
德	58
怨	58
慢	58
戊	58
敎	58
淀	58
牢	58
瓦	58
穿	58
筈	58
累	58
艶	58
藐	58
訶	58
說	58
課	58
釋	58
鈴	58
閣	58
併	57
廟	57
斷	57
杜	57
檀	57
混	57
溺	57
禿	57
臼	57
苗	57
莊	57
試	57
誤	57
變	57
饗	57
働	56
吏	56
咎	56
姜	56
將	56
梵	56
棒	56
溝	56
祥	56
稽	56
緣	56
臺	56
藍	56
費	56
邑	56
駒	56
侯	55
喪	55
暗	55
汐	55
礙	55
穂	55
糺	55
紺	55
練	55
繋	55
耨	55
街	55
讀	55
遇	55
匠	54
卜	54
双	54
奔	54
妄	54
屬	54
挽	54
探	54
椎	54
淵	54
溜	54
潜	54
秦	54
苔	54
迠	54
僕	53
壷	53
孔	53
憐	53
朽	53
狩	53
監	53
稱	53
筥	53
聴	53
裁	53
訪	53
謝	53
逸	53
鞘	53
饅	53
△	52
㕝	52
乘	52
吐	52
囲	52
屏	52
崇	52
嶽	52
拭	52
昭	52
曇	52
獨	52
笹	52
續	52
裳	52
赦	52
透	52
遍	52
雉	52
餓	52
駄	52
ガ	51
偏	51
刃	51
噺	51
壇	51
奪	51
扱	51
拜	51
歸	51
炎	51
燕	51
砌	51
祷	51
粥	51
羣	51
脫	51
貸	51
鍬	51
妬	50
恆	50
抄	50
擬	50
濤	50
爪	50
犯	50
肌	50
茄	50
革	50
體	50
麁	50
侵	49
劣	49
圖	49
婿	49
對	49
徧	49
戻	49
抔	49
昧	49
櫛	49
癡	49
簀	49
綾	49
艸	49
虛	49
軾	49
隱	49
？	49
俱	48
俳	48
冥	48
刺	48
孰	48
搗	48
涅	48
淋	48
漕	48
礫	48
系	48
胤	48
臂	48
舍	48
超	48
迚	48
遮	48
郭	48
験	48
偈	47
兩	47
凌	47
嘗	47
圓	47
幅	47
慎	47
旣	47
楼	47
沓	47
澤	47
翫	47
蓬	47
蚊	47
蛤	47
辟	47
駆	47
䑓	46
仇	46
倶	46
卑	46
営	46
奢	46
寧	46
慕	46
握	46
曠	46
瘡	46
瞻	46
縛	46
纏	46
饒	46
騨	46
亂	45
假	45
敦	45
栖	45
棹	45
沽	45
淡	45
燒	45
猴	45
瑠	45
禍	45
築	45
糠	45
緑	45
緩	45
薗	45
藁	45
蛙	45
觸	45
誅	45
霞	45
飴	45
飽	45
骸	45
鬢	45
魯	45
っ	44
ゴ	44
ヰ	44
亜	44
個	44
兀	44
凝	44
勺	44
叫	44
嗣	44
墓	44
嫉	44
寔	44
寮	44
岳	44
帖	44
弔	44
懷	44
撃	44
攝	44
曜	44
曹	44
柿	44
淫	44
淳	44
瑞	44
秉	44
粗	44
翼	44
顯	44
倫	43
劇	43
孟	43
昏	43
晝	43
毀	43
派	43
灸	43
牙	43
硯	43
篤	43
粮	43
菖	43
遁	43
靜	43
㝡	42
促	42
刹	42
吿	42
圍	42
旋	42
標	42
殖	42
炉	42
盲	42
眷	42
絞	42
茅	42
衡	42
裂	42
諷	42
謁	42
銚	42
企	41
価	41
咸	41
增	41
墮	41
姑	41
巣	41
帋	41
操	41
柏	41
漆	41
版	41
珎	41
璽	41
禽	41
維	41
纔	41
蒼	41
蕪	41
賑	41
贈	41
適	41
鄙	41
飮	41
齊	41
唄	40
墜	40
局	40
峰	40
忩	40
愍	40
携	40
撤	40
朴	40
梓	40
滋	40
燃	40
的	40
睡	40
稚	40
穏	40
粕	40
翻	40
菰	40
誘	40
跳	40
突	40
デ	39
ピ	39
倦	39
券	39
剃	39
妓	39
娑	39
幻	39
廂	39
惱	39
愈	39
挟	39
擧	39
湿	39
狗	39
祀	39
籍	39
緯	39
耒	39
蕃	39
蕎	39
訟	39
詫	39
認	39
逝	39
陪	39
鴬	39
叙	38
完	38
庖	38
廃	38
拔	38
据	38
揮	38
株	38
濟	38
盧	38
腸	38
芦	38
芹	38
薯	38
裾	38
賓	38
赴	38
輕	38
錯	38
鰹	38
倭	37
儒	37
允	37
兒	37
嫡	37
戲	37
毗	37
漫	37
牡	37
糀	37
縮	37
股	37
胆	37
臍	37
舜	37
菟	37
諦	37
辭	37
鋪	37
閏	37
雜	37
係	36
僉	36
呪	36
哭	36
塘	36
婚	36
屓	36
巴	36
廓	36
弊	36
恣	36
攻	36
柑	36
歲	36
氾	36
畫	36
疲	36
療	36
砕	36
祢	36
總	36
葱	36
蜂	36
衝	36
詔	36
豐	36
逼	36
酸	36
鵜	36
黨	36
◯	35
オ	35
俣	35
単	35
喚	35
喩	35
嗟	35
域	35
憶	35
拘	35
拶	35
撲	35
焦	35
璃	35
祐	35
箒	35
繕	35
繫	35
虞	35
襲	35
讚	35
賃	35
遙	35
閻	35
雌	35
鞍	35
髙	35
ダ	34
ペ	34
價	34
儲	34
冨	34
尠	34
嶺	34
杲	34
楠	34
沐	34
瀧	34
灌	34
烟	34
疏	34
笙	34
膽	34
葵	34
藉	34
躬	34
雇	34
餌	34
鱗	34
噂	33
壞	33
帷	33
恃	33
悅	33
挑	33
挨	33
掘	33
斬	33
渇	33
潔	33
澄	33
盞	33
睦	33
綸	33
螺	33
諧	33
謐	33
鍵	33
鑓	33
顚	33
凄	32
嵐	32
忙	32
據	32
柔	32
欣	32
款	32
沒	32
游	32
渾	32
炒	32
牟	32
獸	32
癖	32
紹	32
綴	32
繰	32
肆	32
舛	32
芥	32
衞	32
豪	32
軸	32
辨	32
靡	32
頸	32
齢	32
ゼ	31
ヅ	31
値	31
健	31
傘	31
勞	31
匕	31
卓	31
叉	31
妃	31
嬢	31
孤	31
幕	31
廬	31
弼	31
悩	31
扉	31
杵	31
樋	31
櫃	31
歓	31
濡	31
瓢	31
疫	31
絕	31
繞	31
羨	31
聟	31
舊	31
蕷	31
諾	31
輙	31
醒	31
錫	31
驕	31
鮫	31
麓	31
ゲ	30
ヾ	30
伎	30
伸	30
劍	30
壮	30
尙	30
峯	30
帥	30
彫	30
捻	30
摧	30
整	30
曳	30
李	30
梢	30
歇	30
禪	30
竃	30
筏	30
脂	30
舩	30
茲	30
葺	30
袂	30
賤	30
鎧	30
陥	30
靑	30
鞠	30
兆	29
勸	29
嗚	29
径	29
恙	29
恠	29
慙	29
戎	29
掟	29
炙	29
狄	29
獅	29
痩	29
税	29
稔	29
竊	29
箕	29
篩	29
粧	29
糟	29
罵	29
腕	29
膾	29
薮	29
蛮	29
豎	29
豫	29
跋	29
軈	29
迹	29
閤	29
闥	29
隼	29
鯡	29
偶	28
卷	28
叡	28
專	28
巷	28
憤	28
戰	28
捧	28
擲	28
楚	28
汗	28
渚	28
湛	28
燥	28
盈	28
確	28
窺	28
竭	28
茨	28
萌	28
距	28
遭	28
閨	28
闍	28
靈	28
鞭	28
頌	28
鮓	28
黙	28
齣	28
ジ	27
俯	27
刈	27
匹	27
嘘	27
嘩	27
幢	27
彂	27
徹	27
恰	27
懼	27
控	27
斜	27
旗	27
曙	27
曼	27
朋	27
梗	27
涕	27
琶	27
碁	27
稍	27
脊	27
茎	27
莞	27
藪	27
融	27
託	27
誇	27
陶	27
隻	27
鞋	27
鳳	27
𛀷	27
俟	26
勒	26
叩	26
啼	26
堕	26
寫	26
尸	26
屡	26
懺	26
扣	26
揉	26
換	26
撥	26
机	26
械	26
楯	26
痴	26
稠	26
筍	26
耆	26
舁	26
荻	26
薦	26
蟲	26
諺	26
辯	26
雙	26
顏	26
騰	26
鬱	26
鮑	26
鵝	26
仗	25
励	25
勲	25
區	25
呵	25
哲	25
尓	25
屑	25
帽	25
廉	25
廢	25
弦	25
抵	25
映	25
祓	25
禊	25
窟	25
羞	25
胴	25
艱	25
菱	25
蜘	25
蝕	25
裸	25
裹	25
謗	25
蹔	25
采	25
饌	25
駅	25
鱒	25
鶉	25
＿	25
▢	24
ギ	24
伍	24
佳	24
倚	24
償	24
參	24
呈	24
坤	24
寵	24
展	24
嵩	24
巫	24
廷	24
徐	24
恚	24
斑	24
无	24
晒	24
柵	24
桧	24
椿	24
殘	24
毘	24
毫	24
港	24
濱	24
琵	24
疱	24
研	24
硫	24
穫	24
箔	24
篠	24
紐	24
胎	24
膏	24
苫	24
蕨	24
蛍	24
衙	24
褒	24
襟	24
誌	24
選	24
郵	24
醜	24
釘	24
鉤	24
雛	24
霽	24
飩	24
飫	24
饉	24
鮎	24
黑	24
ㇽ	23
侶	23
傅	23
兜	23
嘯	23
峨	23
嵯	23
扁	23
朕	23
杣	23
桐	23
棲	23
汙	23
炮	23
玆	23
瓊	23
盜	23
瞋	23
祠	23
竿	23
糞	23
緋	23
繩	23
罹	23
茫	23
薫	23
誂	23
諍	23
諒	23
謙	23
郊	23
雫	23
韃	23
麺	23
鼈	23
鼎	23
齋	23
2	22
※	22
个	22
亊	22
亘	22
侠	22
努	22
咽	22
喉	22
嘲	22
壓	22
宥	22
屍	22
征	22
忿	22
悶	22
愧	22
担	22
排	22
揆	22
搦	22
擇	22
攀	22
晋	22
朧	22
權	22
汚	22
沸	22
焰	22
熬	22
爛	22
牆	22
狀	22
睺	22
稻	22
稿	22
纓	22
脳	22
苞	22
莒	22
莚	22
莱	22
袍	22
詐	22
賣	22
蹄	22
蹈	22
鋤	22
隷	22
鰻	22
鳶	22
黍	22
龜	22
-	21
1	21
丼	21
党	21
剰	21
効	21
叢	21
均	21
壹	21
娣	21
婢	21
寓	21
帛	21
庸	21
惠	21
拒	21
掠	21
敏	21
桔	21
桟	21
欺	21
熾	21
狸	21
珊	21
矩	21
磐	21
竝	21
粳	21
緊	21
膚	21
覓	21
豹	21
貨	21
踰	21
鑿	21
闘	21
顛	21
驅	21
髮	21
鰭	21
鴻	21
默	21
ュ	20
㓛	20
侘	20
冀	20
創	20
叔	20
唇	20
嚢	20
塀	20
峠	20
巌	20
廼	20
弗	20
徑	20
技	20
捉	20
揺	20
搖	20
斟	20
晨	20
桁	20
椽	20
楫	20
欝	20
殻	20
每	20
淺	20
湾	20
滑	20
營	20
犢	20
環	20
痘	20
睹	20
祕	20
粋	20
腋	20
腫	20
舒	20
芒	20
蘿	20
蚫	20
蟄	20
衢	20
訛	20
諌	20
遶	20
鄕	20
鐵	20
闢	20
麹	20
齒	20
㐂	19
冒	19
勉	19
匝	19
匡	19
吼	19
咳	19
坦	19
宏	19
巽	19
徊	19
惰	19
戮	19
戶	19
戾	19
拂	19
挺	19
掩	19
敲	19
斛	19
栴	19
榮	19
毬	19
汽	19
泡	19
洒	19
渕	19
珞	19
症	19
竪	19
紗	19
縡	19
翔	19
肯	19
脈	19
苟	19
莽	19
萱	19
葦	19
蕉	19
藝	19
虬	19
蟻	19
衾	19
袷	19
誨	19
謡	19
賈	19
醫	19
釼	19
鎖	19
阻	19
鞁	19
驢	19
鹽	19
麤	19
〃	18
ャ	18
儘	18
刕	18
厩	18
吝	18
喫	18
嗅	18
埃	18
墻	18
奸	18
姨	18
層	18
彈	18
忰	18
慇	18
慳	18
慾	18
戀	18
扈	18
掉	18
摘	18
朗	18
杭	18
梔	18
棘	18
榎	18
步	18
殷	18
汀	18
浚	18
滔	18
濕	18
爭	18
班	18
瓔	18
畔	18
痢	18
砥	18
碇	18
碑	18
秤	18
綺	18
繒	18
繻	18
翠	18
翰	18
膩	18
臾	18
舗	18
茗	18
荊	18
蕩	18
蕭	18
蛸	18
蛾	18
註	18
誡	18
諭	18
賄	18
逮	18
酷	18
鈍	18
阪	18
驗	18
鷺	18
〴	17
什	17
侃	17
倖	17
僥	17
勾	17
匿	17
厥	17
壺	17
娵	17
娶	17
媚	17
嬰	17
寡	17
徘	17
怕	17
截	17
旭	17
杏	17
柘	17
梶	17
歷	17
煤	17
獻	17
甫	17
眺	17
稷	17
竈	17
糕	17
紬	17
耀	17
耘	17
肖	17
腎	17
臘	17
莖	17
董	17
蔓	17
虱	17
蚤	17
蟇	17
諚	17
譏	17
譽	17
軌	17
輯	17
遽	17
錐	17
鍾	17
閃	17
韓	17
鬘	17
鱸	17
鴈	17
黃	17
■	16
㊞	16
剥	16
厨	16
噫	16
噯	16
夙	16
姥	16
媒	16
屠	16
弄	16
愼	16
戚	16
拳	16
擔	16
效	16
椹	16
樺	16
涉	16
渴	16
灑	16
煖	16
熏	16
牌	16
犀	16
猥	16
瞬	16
碓	16
禹	16
稜	16
筵	16
籬	16
級	16
絡	16
績	16
羸	16
舅	16
苅	16
苑	16
蒜	16
蓑	16
蘆	16
蜀	16
蝋	16
裔	16
覲	16
覽	16
誹	16
諏	16
諱	16
賦	16
趙	16
蹴	16
轡	16
遑	16
鎗	16
關	16
陛	16
需	16
霖	16
鰯	16
：	16
𠀋	16
㔫	15
佩	15
佶	15
克	15
刊	15
卦	15
吊	15
唾	15
嗜	15
噉	15
嚮	15
塊	15
奄	15
奠	15
寬	15
尭	15
尹	15
幔	15
彩	15
怡	15
拕	15
捷	15
旃	15
旛	15
旱	15
曉	15
檜	15
沛	15
泳	15
浩	15
潟	15
瀉	15
炬	15
爵	15
產	15
盥	15
禰	15
穡	15
窃	15
絲	15
緬	15
翳	15
耐	15
舂	15
艮	15
芭	15
芲	15
菌	15
蓼	15
蔔	15
蔦	15
薨	15
蝉	15
襖	15
諂	15
諫	15
諮	15
趺	15
躡	15
軻	15
迅	15
逞	15
醉	15
錠	15
阜	15
鞨	15
頬	15
鯖	15
鴫	15
點	15
㔟	14
乖	14
伱	14
偸	14
凍	14
協	14
厘	14
叛	14
嚼	14
圃	14
坑	14
堰	14
壑	14
壯	14
奮	14
妖	14
宋	14
幹	14
懲	14
援	14
暢	14
曩	14
杷	14
枇	14
栽	14
桓	14
棊	14
楷	14
潛	14
濯	14
爽	14
狛	14
珂	14
瑚	14
甜	14
疳	14
疹	14
盾	14
砲	14
碎	14
租	14
箪	14
篝	14
粽	14
綵	14
膃	14
芻	14
荏	14
藩	14
虧	14
虹	14
蜷	14
蝿	14
袈	14
裟	14
褰	14
誥	14
謎	14
贖	14
轄	14
遵	14
鋸	14
鍔	14
鐸	14
闌	14
雹	14
靭	14
髻	14
魏	14
鶯	14
𦳊	14
⦿	13
冑	13
几	13
劉	13
匣	13
区	13
卌	13
叱	13
吠	13
咫	13
單	13
囑	13
夾	13
姻	13
孕	13
屢	13
徴	13
恕	13
悋	13
慨	13
抓	13
括	13
捐	13
捜	13
擁	13
擾	13
收	13
斃	13
斧	13
栃	13
棺	13
榴	13
槍	13
橫	13
欤	13
毋	13
沫	13
洩	13
渓	13
渟	13
溪	13
濛	13
灘	13
灣	13
燗	13
燼	13
牖	13
獵	13
獺	13
瑕	13
瑟	13
癈	13
盟	13
睨	13
禀	13
窪	13
糊	13
絃	13
綠	13
縷	13
羯	13
羲	13
翅	13
翹	13
耜	13
脣	13
膂	13
艾	13
蔀	13
蔡	13
蔽	13
蘊	13
虜	13
蠣	13
衒	13
袒	13
裡	13
複	13
謬	13
跨	13
踞	13
軟	13
辜	13
遲	13
郁	13
鄰	13
鈎	13
鈿	13
鉦	13
鋳	13
鎔	13
閲	13
險	13
零	13
靴	13
馭	13
驟	13
驥	13
髷	13
鬚	13
魄	13
鯰	13
鱈	13
麟	13
／	13
ァ	12
佃	12
傑	12
僻	12
兮	12
凋	12
卸	12
吞	12
囊	12
娌	12
巖	12
彰	12
挾	12
掲	12
掴	12
撓	12
擊	12
暈	12
曚	12
棠	12
椋	12
榻	12
槻	12
橙	12
檢	12
檻	12
欄	12
沃	12
洹	12
涸	12
淪	12
準	12
炳	12
牒	12
狎	12
瑜	12
甕	12
礬	12
祚	12
穆	12
竺	12
笥	12
籌	12
耽	12
聘	12
聳	12
肭	12
膠	12
芬	12
菔	12
菴	12
葭	12
蕗	12
蛛	12
衿	12
覇	12
覗	12
觜	12
觴	12
誕	12
譚	12
讐	12
貳	12
賛	12
蹇	12
轟	12
逅	12
酬	12
鉈	12
錢	12
鏃	12
鐙	12
閔	12
閙	12
顆	12
飄	12
魁	12
鰤	12
鹹	12
黎	12
鼬	12
＊	12
亞	11
佇	11
俾	11
偖	11
冤	11
冰	11
勃	11
卄	11
囂	11
坎	11
墾	11
壟	11
奚	11
妒	11
姬	11
娜	11
婬	11
嶼	11
帚	11
帶	11
庇	11
弃	11
彷	11
徂	11
徙	11
徽	11
怙	11
怯	11
扮	11
抗	11
挫	11
措	11
掾	11
斫	11
昵	11
柯	11
梟	11
楡	11
欽	11
歿	11
汎	11
泝	11
液	11
淹	11
渺	11
熨	11
犂	11
琢	11
瘤	11
眩	11
瞿	11
祿	11
笊	11
筝	11
簪	11
糯	11
聾	11
肱	11
舘	11
芙	11
蠎	11
蠶	11
袵	11
裕	11
褌	11
該	11
讓	11
貼	11
賴	11
購	11
贔	11
蹤	11
蹲	11
躯	11
輒	11
輦	11
迺	11
逍	11
遐	11
邏	11
酋	11
醴	11
閇	11
闔	11
陋	11
霰	11
靺	11
鞆	11
餉	11
駐	11
駭	11
魅	11
鷄	11
4	10
丶	10
亢	10
佞	10
兌	10
兪	10
函	10
叟	10
哮	10
啖	10
啜	10
圏	10
埣	10
堯	10
宕	10
宦	10
屯	10
崑	10
崖	10
嶮	10
弧	10
弩	10
彭	10
恟	10
惹	10
托	10
捌	10
揵	10
搬	10
摸	10
撞	10
擅	10
敘	10
曝	10
桙	10
桝	10
梧	10
棗	10
楓	10
榊	10
槐	10
涌	10
渦	10
滴	10
瀛	10
爐	10
狽	10
猜	10
玩	10
瑣	10
瘍	10
矦	10
碧	10
禱	10
稟	10
竄	10
筎	10
篳	10
籾	10
縞	10
縱	10
繅	10
羈	10
耗	10
肘	10
胃	10
脆	10
脛	10
膈	10
臆	10
臻	10
芎	10
苛	10
荼	10
蔑	10
虐	10
蟠	10
衍	10
襃	10
訊	10
詢	10
讒	10
谿	10
趨	10
跏	10
蹟	10
躇	10
較	10
輸	10
遡	10
遼	10
鄧	10
醍	10
鋏	10
錄	10
錬	10
閘	10
閭	10
隺	10
雕	10
霄	10
靼	10
韻	10
項	10
饑	10
駝	10
驪	10
鬭	10
鵞	10
麒	10
齟	10
齬	10
臭	10
＋	10
𠵅	10
乀	9
仆	9
侮	9
倹	9
偁	9
僮	9
况	9
冽	9
凉	9
厂	9
呆	9
咀	9
喬	9
噛	9
噪	9
囉	9
埴	9
奕	9
妊	9
媛	9
嫩	9
孺	9
宙	9
宸	9
寢	9
寥	9
尿	9
峻	9
崔	9
弍	9
彥	9
徨	9
悠	9
悽	9
慟	9
憖	9
懶	9
撮	9
撹	9
斥	9
昴	9
椛	9
榛	9
樟	9
橇	9
氈	9
淑	9
瀆	9
牀	9
狹	9
猷	9
玲	9
琳	9
瑙	9
瓏	9
瓠	9
甍	9
疇	9
痍	9
皐	9
皷	9
皺	9
祟	9
禾	9
秩	9
穗	9
篥	9
締	9
繼	9
纂	9
纜	9
聰	9
肇	9
胝	9
胞	9
腥	9
腿	9
航	9
艦	9
苻	9
荅	9
莎	9
蒐	9
蒡	9
蓉	9
薇	9
藺	9
蚓	9
覃	9
訣	9
詛	9
誑	9
謨	9
謫	9
豔	9
貽	9
赫	9
轍	9
迴	9
鄭	9
釀	9
鋒	9
鏑	9
鑵	9
閼	9
陟	9
雍	9
霍	9
霎	9
頽	9
顰	9
颯	9
騙	9
鬟	9
鬮	9
鮨	9
鮹	9
鱧	9
鵲	9
．	9
＝	9
0	8
5	8
6	8
9	8
─	8
ズ	8
ヂ	8
亨	8
佗	8
俎	8
俤	8
債	8
僞	8
儉	8
儐	8
兇	8
兔	8
兢	8
凰	8
募	8
匪	8
咨	8
嗔	8
囀	8
圭	8
坡	8
塹	8
墳	8
姪	8
娼	8
寇	8
屎	8
屛	8
岑	8
幟	8
彿	8
徵	8
怜	8
恤	8
慚	8
懾	8
懿	8
戈	8
戍	8
戟	8
扛	8
択	8
捲	8
斂	8
晏	8
杞	8
杪	8
杳	8
枳	8
枸	8
柊	8
栫	8
核	8
櫓	8
殯	8
淚	8
漚	8
潅	8
潦	8
灼	8
炷	8
烹	8
燠	8
甑	8
甥	8
痕	8
瘧	8
癩	8
盪	8
瞑	8
矛	8
矯	8
碩	8
磁	8
箆	8
簑	8
簫	8
粘	8
絜	8
綏	8
繊	8
罔	8
翦	8
聯	8
腮	8
苧	8
茜	8
茹	8
菁	8
萄	8
萼	8
蒿	8
蓐	8
蔚	8
薑	8
薺	8
蘂	8
蛟	8
螢	8
蠻	8
袞	8
裘	8
襁	8
襄	8
訝	8
販	8
貿	8
賁	8
贋	8
贍	8
跂	8
踐	8
蹶	8
躅	8
逓	8
邂	8
鈔	8
銜	8
鐚	8
闡	8
陂	8
隊	8
隕	8
鞅	8
餝	8
馨	8
驛	8
鯔	8
鱣	8
鷂	8
鸞	8
麥	8
黠	8
齎	8
齡	8
﨟	8
憎	8
０	8
＜	8
￣	8
(	7
)	7
3	7
㊀	7
亶	7
偃	7
偕	7
僂	7
儅	7
凹	7
刎	7
剱	7
勵	7
厲	7
咒	7
咤	7
啄	7
囃	7
垚	7
堞	7
壌	7
夭	7
娠	7
娥	7
寤	7
屁	7
弛	7
彙	7
彬	7
怛	7
悌	7
悵	7
惻	7
愠	7
愽	7
慷	7
憾	7
拈	7
拏	7
拯	7
捫	7
掬	7
摠	7
擂	7
擣	7
攘	7
敝	7
旌	7
旡	7
昃	7
晉	7
枋	7
枷	7
柩	7
梜	7
梯	7
槙	7
槿	7
樵	7
檐	7
欧	7
氳	7
沱	7
泛	7
泠	7
洽	7
浥	7
淮	7
渥	7
渭	7
湏	7
溯	7
滂	7
滄	7
漠	7
漿	7
潭	7
澗	7
澡	7
澪	7
澹	7
熯	7
燋	7
燵	7
牝	7
猨	7
琅	7
瑤	7
璧	7
甄	7
畦	7
畷	7
盖	7
瞯	7
砧	7
碕	7
碣	7
磬	7
秡	7
筐	7
箴	7
篆	7
籏	7
紂	7
絮	7
綬	7
緻	7
罕	7
翺	7
胥	7
舃	7
艤	7
芍	7
蓄	7
蔗	7
蘓	7
虁	7
蛎	7
蟾	7
蠡	7
袁	7
裙	7
裝	7
褊	7
覡	7
詵	7
誼	7
賖	7
賽	7
踉	7
蹉	7
蹊	7
躊	7
軫	7
輟	7
輶	7
輻	7
逕	7
遏	7
遨	7
醐	7
醬	7
醯	7
鍜	7
鐃	7
鑪	7
閫	7
陜	7
霹	7
韋	7
韮	7
餒	7
饋	7
髀	7
鬪	7
鰆	7
鰈	7
鰐	7
鱷	7
鶿	7
鸕	7
黜	7
鼔	7
鼾	7
難	7
ゃ	6
ザ	6
㊁	6
㊂	6
㊃	6
䠙	6
亟	6
仞	6
佉	6
佑	6
佪	6
侈	6
倩	6
偷	6
刳	6
勁	6
勑	6
匐	6
吁	6
吻	6
哩	6
哺	6
唵	6
喘	6
噬	6
噱	6
囚	6
團	6
埵	6
壘	6
壤	6
壼	6
奎	6
姚	6
姸	6
娛	6
娯	6
宍	6
尖	6
崙	6
巍	6
帙	6
廩	6
弑	6
彊	6
彳	6
徃	6
循	6
忉	6
忒	6
悄	6
悖	6
悚	6
惆	6
惓	6
愆	6
慣	6
拱	6
搜	6
擐	6
昂	6
暹	6
朶	6
杢	6
杼	6
柾	6
桀	6
梭	6
槁	6
槨	6
樗	6
橡	6
殃	6
毅	6
氐	6
沌	6
泯	6
洿	6
淩	6
溟	6
溥	6
滕	6
漣	6
瀨	6
焔	6
煕	6
煥	6
熛	6
燧	6
牋	6
牘	6
猩	6
珥	6
瑩	6
畧	6
疊	6
疼	6
痰	6
癪	6
矜	6
礒	6
禎	6
离	6
窈	6
窶	6
窹	6
竅	6
笄	6
筌	6
篋	6
簿	6
粃	6
紡	6
絳	6
緘	6
繆	6
繪	6
繹	6
缶	6
羂	6
羆	6
羌	6
耿	6
聡	6
脾	6
膓	6
膿	6
臚	6
舸	6
苓	6
苾	6
范	6
莨	6
菘	6
萃	6
蓽	6
蕢	6
薙	6
薰	6
藹	6
蛉	6
蜆	6
蠅	6
裒	6
褐	6
褥	6
褸	6
覩	6
覿	6
診	6
誄	6
謳	6
讌	6
豁	6
豚	6
豺	6
貇	6
贅	6
踈	6
躁	6
迥	6
迸	6
遜	6
邇	6
邯	6
邸	6
酣	6
醸	6
鉛	6
鋭	6
鐺	6
鑊	6
鑰	6
鑽	6
閡	6
閦	6
閧	6
隘	6
靖	6
鞦	6
韵	6
餚	6
餞	6
餠	6
馥	6
馮	6
駟	6
騁	6
騫	6
驂	6
驍	6
髓	6
鮠	6
鯷	6
鰌	6
鰕	6
鳧	6
鳰	6
鴇	6
鴿	6
鵑	6
鵙	6
鹵	6
7	5
•	5
ゅ	5
ィ	5
㵎	5
丿	5
仔	5
佰	5
俚	5
俸	5
倅	5
倏	5
倣	5
偉	5
做	5
傴	5
僚	5
儔	5
儼	5
刮	5
剝	5
剤	5
剪	5
勳	5
匍	5
匱	5
叮	5
吭	5
呰	5
咬	5
哽	5
啻	5
喝	5
嗢	5
嘸	5
噎	5
噴	5
嚀	5
嚕	5
嚩	5
囓	5
圉	5
圑	5
垠	5
埼	5
塡	5
墀	5
奘	5
奧	5
妍	5
姦	5
婁	5
嬾	5
它	5
岬	5
岱	5
崕	5
嶌	5
嶙	5
巒	5
幃	5
廾	5
弭	5
彗	5
怍	5
悒	5
悼	5
愕	5
愴	5
愿	5
慌	5
慼	5
憩	5
懊	5
批	5
抛	5
拉	5
拓	5
挈	5
挍	5
捍	5
捺	5
掣	5
揣	5
揲	5
搏	5
擘	5
攪	5
晞	5
曷	5
朦	5
枉	5
桴	5
楞	5
槵	5
殫	5
氛	5
沂	5
泙	5
涇	5
涎	5
涜	5
淤	5
渙	5
溏	5
滌	5
漾	5
澱	5
瀑	5
瀲	5
燎	5
爍	5
牲	5
犠	5
狻	5
猗	5
猲	5
珮	5
琖	5
瑪	5
瑾	5
璣	5
疆	5
疣	5
皎	5
盍	5
眇	5
睢	5
睪	5
矧	5
砍	5
磷	5
磽	5
祁	5
祉	5
秧	5
穰	5
笘	5
筠	5
筬	5
簷	5
簸	5
籃	5
籟	5
粤	5
粲	5
絨	5
綜	5
綢	5
綽	5
緜	5
縈	5
縻	5
繇	5
繡	5
繳	5
纒	5
纘	5
羔	5
翟	5
耦	5
肚	5
脅	5
腦	5
舉	5
艫	5
芟	5
莅	5
莧	5
菫	5
葩	5
蔞	5
蔬	5
蔾	5
蕊	5
薊	5
薜	5
虔	5
虯	5
虻	5
蛭	5
蜃	5
蜋	5
蜑	5
蜻	5
蝗	5
蝙	5
蝠	5
螭	5
螻	5
蟀	5
蟋	5
蠱	5
衲	5
衷	5
裨	5
裴	5
襤	5
覊	5
覘	5
訂	5
訥	5
訾	5
詈	5
詎	5
詭	5
詹	5
謠	5
譎	5
豕	5
賾	5
贄	5
赩	5
赭	5
趍	5
趾	5
蹕	5
軆	5
軋	5
輭	5
轂	5
迩	5
逾	5
邈	5
郢	5
鄲	5
酥	5
酴	5
醢	5
醪	5
鉅	5
銷	5
鋺	5
鎭	5
鏤	5
閶	5
闊	5
闚	5
陌	5
隴	5
隸	5
霏	5
霓	5
霸	5
靂	5
頴	5
頷	5
顙	5
颶	5
餐	5
餻	5
饀	5
駑	5
駱	5
騃	5
髄	5
魑	5
鯲	5
鳫	5
鵆	5
鵠	5
麝	5
麿	5
黿	5
鼇	5
鼉	5
𣑥	5
𧝒	5
l	4
∴	4
◎	4
◦	4
《	4
ョ	4
㑹	4
仝	4
伶	4
侔	4
俶	4
倘	4
倡	4
傔	4
僊	4
儡	4
儺	4
冉	4
刪	4
刷	4
剖	4
劬	4
匏	4
匙	4
卞	4
卻	4
吃	4
吮	4
吳	4
呟	4
哦	4
唳	4
啌	4
喃	4
喞	4
喟	4
嗷	4
嗽	4
嘈	4
嘖	4
嘻	4
噐	4
噦	4
噲	4
囁	4
圜	4
坻	4
垓	4
培	4
堆	4
壅	4
夀	4
夐	4
奼	4
姤	4
孑	4
孩	4
孼	4
屨	4
岨	4
峙	4
嵆	4
嵬	4
嶠	4
巵	4
庠	4
庾	4
弋	4
彎	4
彝	4
彤	4
徉	4
恍	4
恢	4
恬	4
悍	4
惇	4
惔	4
惙	4
愀	4
愉	4
愬	4
慄	4
慵	4
憍	4
憙	4
憧	4
懆	4
懽	4
戕	4
抨	4
拊	4
拷	4
拼	4
拿	4
挂	4
挼	4
捶	4
掇	4
揩	4
揭	4
搶	4
摹	4
撼	4
撿	4
擎	4
擒	4
擡	4
擯	4
攅	4
攣	4
攬	4
攸	4
敖	4
晃	4
曄	4
曆	4
析	4
枴	4
枻	4
栂	4
栢	4
桅	4
梳	4
椁	4
椴	4
楢	4
楳	4
樊	4
樞	4
檎	4
檗	4
檮	4
櫂	4
欬	4
殄	4
殑	4
毳	4
汪	4
沮	4
泄	4
泒	4
泔	4
洱	4
涿	4
淆	4
渤	4
湘	4
湲	4
溌	4
滯	4
滾	4
潘	4
澆	4
澍	4
澳	4
濬	4
瀝	4
瀦	4
烱	4
煌	4
煒	4
煻	4
熈	4
熒	4
燐	4
燿	4
牎	4
牓	4
犇	4
琥	4
琰	4
瑰	4
璉	4
璞	4
璫	4
瓤	4
畆	4
畋	4
畎	4
疚	4
疥	4
痔	4
痞	4
瘦	4
癰	4
皋	4
盻	4
眸	4
睿	4
瞰	4
瞳	4
硝	4
礑	4
秪	4
稾	4
穹	4
窒	4
笆	4
筭	4
筮	4
箏	4
箜	4
篁	4
篌	4
簋	4
簍	4
簒	4
粹	4
糜	4
糝	4
紆	4
紇	4
紉	4
紊	4
紘	4
紝	4
紲	4
紵	4
絆	4
絣	4
絬	4
絺	4
緅	4
緇	4
緝	4
縊	4
繍	4
繚	4
繽	4
翕	4
翩	4
耄	4
耻	4
聆	4
聿	4
肅	4
腑	4
腔	4
膺	4
臓	4
艀	4
艣	4
苡	4
苣	4
苴	4
茘	4
茱	4
荆	4
荑	4
莕	4
莢	4
菪	4
萇	4
萍	4
萎	4
萹	4
葎	4
葡	4
蓴	4
蕤	4
薏	4
薔	4
薛	4
藜	4
蘋	4
蘗	4
蘚	4
蚖	4
蚢	4
蛄	4
蛦	4
蝴	4
蝸	4
蟶	4
蠃	4
蠲	4
衎	4
袢	4
袤	4
褂	4
褄	4
襠	4
襴	4
覬	4
誚	4
諜	4
諠	4
謅	4
謔	4
譁	4
譯	4
譴	4
貂	4
貊	4
貮	4
貲	4
貶	4
貺	4
賭	4
贊	4
贓	4
跎	4
跟	4
跣	4
践	4
踳	4
蹀	4
蹂	4
躓	4
躾	4
軔	4
輛	4
輞	4
轆	4
轤	4
辧	4
迢	4
逋	4
逶	4
遄	4
遒	4
遞	4
邀	4
邁	4
邃	4
邨	4
邵	4
郞	4
鄒	4
酩	4
醇	4
醋	4
醭	4
釃	4
鋼	4
錺	4
鍼	4
鏐	4
鏨	4
鐇	4
鐫	4
鑄	4
鑒	4
鑠	4
闐	4
阡	4
陷	4
隗	4
隧	4
隹	4
雞	4
霑	4
霤	4
靄	4
鞞	4
韞	4
頊	4
頒	4
頤	4
颻	4
飜	4
飡	4
饘	4
騷	4
騾	4
髏	4
髑	4
魦	4
鯊	4
鯢	4
鰥	4
鱇	4
鵬	4
鶻	4
鷗	4
麋	4
麼	4
黔	4
黯	4
鼂	4
齧	4
𛀸	4
𢦙	4
𥡷	4
𦥑	4
𨵦	4
8	3
》	3
ょ	3
ェ	3
㊄	3
㝹	3
㤙	3
㫖	3
㲉	3
䏻	3
丕	3
丗	3
两	3
亹	3
佾	3
侓	3
俛	3
們	3
傚	3
傲	3
僜	3
僦	3
僵	3
儕	3
儻	3
兕	3
兗	3
冢	3
冩	3
凭	3
劑	3
劭	3
勖	3
厠	3
叓	3
叠	3
叵	3
吒	3
咋	3
咥	3
哢	3
啗	3
啞	3
喊	3
喙	3
嗇	3
嗤	3
嘔	3
嚬	3
囷	3
囹	3
囿	3
圧	3
坏	3
垗	3
埔	3
塋	3
填	3
墅	3
墊	3
壜	3
奬	3
娃	3
婉	3
婪	3
媧	3
媱	3
媵	3
媽	3
嫂	3
嫗	3
嬬	3
孀	3
孚	3
孥	3
寘	3
寞	3
尅	3
屣	3
屧	3
屹	3
岼	3
峡	3
峭	3
崛	3
巓	3
巢	3
幄	3
幇	3
廛	3
廧	3
廰	3
廳	3
弈	3
弸	3
彪	3
彲	3
徇	3
徭	3
忻	3
怳	3
恪	3
惋	3
惛	3
愷	3
慊	3
慓	3
慝	3
憁	3
憒	3
憔	3
憝	3
憺	3
戛	3
戞	3
戢	3
抹	3
拗	3
拽	3
挹	3
捘	3
掫	3
描	3
搴	3
摶	3
撈	3
撒	3
撚	3
撡	3
擢	3
攞	3
攤	3
攫	3
攷	3
敞	3
斡	3
斲	3
旂	3
旄	3
旆	3
昊	3
昬	3
昱	3
昶	3
晡	3
晢	3
晤	3
晶	3
晻	3
暄	3
暉	3
暎	3
杻	3
柁	3
柅	3
柰	3
栁	3
桒	3
桹	3
棉	3
椅	3
椙	3
椰	3
椶	3
楹	3
榧	3
榭	3
榾	3
槫	3
樅	3
樒	3
樛	3
橈	3
檄	3
檛	3
檳	3
櫚	3
欻	3
歧	3
殽	3
毉	3
毟	3
毯	3
毹	3
汧	3
汨	3
汾	3
沅	3
泅	3
泻	3
洌	3
浙	3
浣	3
浹	3
涓	3
涛	3
涵	3
淄	3
渣	3
湍	3
漯	3
漱	3
漳	3
潯	3
潺	3
澈	3
澓	3
澠	3
澧	3
濘	3
濠	3
濺	3
瀏	3
瀟	3
瀣	3
瀼	3
炫	3
烜	3
烝	3
烽	3
煞	3
煨	3
煬	3
熙	3
熹	3
燮	3
爆	3
爨	3
爬	3
爹	3
爼	3
牂	3
牕	3
猒	3
猱	3
獝	3
獠	3
玖	3
琛	3
瑋	3
瑗	3
瑯	3
璿	3
瓘	3
瓣	3
瓮	3
甞	3
甯	3
甸	3
畤	3
畮	3
畸	3
痒	3
痣	3
瘞	3
瘻	3
癬	3
皃	3
盂	3
盒	3
眄	3
眤	3
睽	3
瞠	3
瞽	3
矚	3
砭	3
硏	3
硜	3
磊	3
磔	3
磕	3
磤	3
磴	3
磻	3
礎	3
礪	3
禔	3
秬	3
穎	3
窄	3
窕	3
窣	3
窩	3
窬	3
竇	3
竒	3
竦	3
笈	3
笞	3
箋	3
簗	3
簹	3
籙	3
籞	3
粱	3
粻	3
糅	3
糴	3
紳	3
綉	3
綦	3
綻	3
緌	3
緗	3
緼	3
縑	3
縢	3
縲	3
縵	3
縶	3
繙	3
繮	3
纁	3
纇	3
纍	3
纛	3
缾	3
罄	3
罌	3
罏	3
网	3
罣	3
罫	3
罽	3
羗	3
羮	3
羶	3
羼	3
羿	3
翡	3
翮	3
聒	3
聢	3
聵	3
聶	3
肢	3
肺	3
胛	3
腴	3
膜	3
臀	3
臉	3
舫	3
芆	3
芰	3
苕	3
苺	3
荔	3
莟	3
菲	3
萊	3
葮	3
蒯	3
蒹	3
蒺	3
蔕	3
蕀	3
蕋	3
蕚	3
蕰	3
蕾	3
薌	3
薹	3
藂	3
藕	3
藷	3
蘼	3
虖	3
蚌	3
蚯	3
蛬	3
蛹	3
蜉	3
蜎	3
蝎	3
蝱	3
螂	3
螳	3
蟷	3
蠕	3
蠖	3
蠢	3
衫	3
袱	3
裊	3
襦	3
襪	3
覈	3
覔	3
觚	3
誣	3
諛	3
諢	3
諶	3
謇	3
謑	3
謟	3
譌	3
譙	3
譛	3
讋	3
讎	3
豌	3
貉	3
貍	3
貟	3
賂	3
賚	3
跌	3
跛	3
跱	3
跼	3
踧	3
蹌	3
蹙	3
蹬	3
蹸	3
蹻	3
躑	3
軀	3
軖	3
軹	3
輅	3
輗	3
輜	3
輾	3
轅	3
轎	3
辦	3
辷	3
迂	3
逈	3
逑	3
逴	3
遘	3
邕	3
郅	3
鄆	3
鄢	3
鄴	3
鄼	3
酈	3
酊	3
酎	3
酖	3
醞	3
醨	3
釅	3
釭	3
鈆	3
鈞	3
鉗	3
鉸	3
銖	3
錘	3
錚	3
錡	3
鍮	3
鎬	3
鎰	3
鏗	3
鏘	3
鑚	3
鑞	3
閎	3
閟	3
閠	3
閱	3
閽	3
閾	3
闞	3
阮	3
陞	3
隋	3
隍	3
隤	3
隳	3
雩	3
霆	3
韆	3
韶	3
頑	3
頡	3
頥	3
顗	3
顫	3
颭	3
颺	3
饂	3
駘	3
駮	3
騖	3
騶	3
驀	3
驃	3
髦	3
髯	3
鬣	3
鬧	3
鬯	3
鬻	3
魘	3
鮟	3
鮥	3
鮦	3
鮧	3
鮪	3
鯵	3
鰊	3
鰶	3
鱲	3
鴉	3
鴎	3
鴛	3
鴞	3
鴟	3
鴦	3
鷓	3
鷦	3
鷯	3
鸚	3
麑	3
黛	3
黴	3
黻	3
鼫	3
齠	3
龐	3
龕	3
僧	3
𤸰	3
𥙊	3
𥸮	3
𥿻	3
𨉣	3
B	2
W	2
[	2
a	2
r	2
°	2
―	2
∵	2
⼃	2
〗	2
ㇾ	2
㘑	2
㘴	2
㠶	2
㡣	2
㣲	2
㧓	2
䑺	2
䕃	2
乂	2
乄	2
亳	2
仟	2
仿	2
伉	2
估	2
伹	2
伻	2
佯	2
佼	2
侉	2
侲	2
俁	2
俘	2
倪	2
傀	2
傋	2
傭	2
僑	2
僖	2
僭	2
儂	2
儚	2
儛	2
冣	2
冲	2
凈	2
凊	2
凢	2
凱	2
凸	2
刋	2
刧	2
剄	2
剗	2
剡	2
剽	2
劃	2
劓	2
劔	2
劾	2
勗	2
勠	2
勦	2
匜	2
卩	2
卬	2
厎	2
厓	2
厦	2
吽	2
呀	2
呾	2
咆	2
哂	2
哆	2
唖	2
唬	2
唼	2
喋	2
嘵	2
嘶	2
噀	2
嚫	2
嚲	2
嚶	2
囘	2
囬	2
圄	2
坰	2
垽	2
埯	2
埳	2
埸	2
塑	2
塙	2
墉	2
墟	2
墠	2
墼	2
壻	2
夸	2
妝	2
妣	2
妥	2
姟	2
娟	2
娭	2
媟	2
媾	2
媿	2
嫋	2
嫦	2
嬈	2
嬌	2
嬖	2
嬪	2
孃	2
孜	2
宁	2
寃	2
寉	2
寨	2
尟	2
屐	2
屩	2
岌	2
岫	2
峩	2
峴	2
崆	2
崒	2
嵌	2
嵜	2
嶒	2
嶔	2
嶷	2
嶸	2
巉	2
巎	2
帑	2
幘	2
庿	2
廈	2
廌	2
廗	2
廚	2
弉	2
弯	2
彛	2
彧	2
很	2
徜	2
徠	2
徼	2
忖	2
怏	2
怚	2
恂	2
恝	2
悧	2
悳	2
悸	2
惘	2
惴	2
惽	2
愔	2
愜	2
慍	2
慞	2
慱	2
憀	2
憊	2
憢	2
憫	2
懋	2
懕	2
懣	2
懦	2
戄	2
扼	2
找	2
拄	2
拆	2
拇	2
拌	2
拖	2
拡	2
挊	2
挌	2
捗	2
掊	2
掞	2
插	2
搢	2
摛	2
摭	2
摵	2
摽	2
撆	2
撏	2
撙	2
撩	2
撻	2
擗	2
擦	2
擭	2
擴	2
擿	2
攄	2
攙	2
攜	2
敇	2
斒	2
斝	2
斮	2
斸	2
旎	2
旒	2
昕	2
昝	2
晁	2
暘	2
暝	2
暾	2
曀	2
曖	2
曬	2
曵	2
朮	2
杈	2
杠	2
杸	2
枌	2
枛	2
枠	2
枡	2
枰	2
枲	2
枹	2
柞	2
柬	2
栘	2
栲	2
桎	2
桿	2
梦	2
梺	2
梼	2
棍	2
棧	2
楂	2
楸	2
榀	2
榑	2
榔	2
榶	2
榼	2
槊	2
槎	2
槪	2
槳	2
槹	2
槽	2
樁	2
樣	2
樫	2
橦	2
橿	2
檠	2
檣	2
櫝	2
櫨	2
櫪	2
櫺	2
櫻	2
欃	2
歐	2
歪	2
殞	2
殤	2
殮	2
毆	2
毚	2
毿	2
氅	2
氎	2
汜	2
汴	2
汶	2
沆	2
沉	2
沾	2
泓	2
泮	2
泱	2
洄	2
洊	2
洟	2
洫	2
洼	2
涔	2
涶	2
涷	2
淅	2
淇	2
淈	2
淍	2
淘	2
渀	2
渝	2
渫	2
湪	2
湫	2
湮	2
溙	2
溱	2
溶	2
滓	2
滲	2
滸	2
滹	2
漪	2
潁	2
潏	2
潞	2
潢	2
潨	2
潸	2
澀	2
澇	2
澌	2
澎	2
澟	2
澣	2
濂	2
濆	2
濊	2
濩	2
濮	2
濼	2
瀕	2
瀞	2
灂	2
灕	2
灞	2
灤	2
炘	2
烘	2
烙	2
焙	2
煆	2
煇	2
煗	2
煽	2
熅	2
熇	2
熠	2
燀	2
燁	2
燄	2
燔	2
爈	2
爝	2
犛	2
犨	2
狙	2
狡	2
狥	2
狴	2
狷	2
猇	2
猊	2
猝	2
猯	2
猾	2
獐	2
獼	2
玅	2
玎	2
珀	2
珏	2
珣	2
珩	2
珪	2
珷	2
珹	2
琤	2
琦	2
琩	2
琫	2
琯	2
琲	2
瑇	2
瑲	2
瑳	2
璇	2
璋	2
璚	2
璜	2
瓃	2
瓈	2
瓚	2
瓛	2
甀	2
甃	2
甌	2
甎	2
甓	2
畊	2
畛	2
畴	2
畺	2
畼	2
疧	2
疪	2
疽	2
痂	2
痡	2
痤	2
痿	2
瘀	2
瘖	2
瘟	2
瘠	2
瘳	2
瘵	2
癇	2
癒	2
癕	2
癘	2
癭	2
癱	2
皁	2
皓	2
皤	2
皴	2
盎	2
盔	2
盬	2
眡	2
眦	2
睘	2
睜	2
睫	2
睾	2
瞼	2
矇	2
矍	2
矝	2
矞	2
矮	2
矰	2
砅	2
砰	2
硎	2
硨	2
碬	2
碾	2
磈	2
磲	2
礉	2
礓	2
礱	2
祜	2
票	2
祲	2
祺	2
禋	2
秄	2
种	2
秒	2
秔	2
秕	2
秖	2
秣	2
稂	2
稈	2
稊	2
穉	2
穜	2
穠	2
穣	2
穩	2
穭	2
穽	2
窊	2
窘	2
窻	2
竣	2
笋	2
笳	2
筇	2
筧	2
筲	2
筴	2
箄	2
箠	2
篘	2
篙	2
篡	2
簞	2
簠	2
簣	2
簱	2
簺	2
簻	2
籛	2
籜	2
籩	2
籸	2
籹	2
粔	2
粛	2
粢	2
糉	2
糒	2
糓	2
糶	2
糾	2
絅	2
絰	2
綰	2
緖	2
緱	2
縠	2
縧	2
縹	2
縺	2
繖	2
繘	2
纕	2
纚	2
缸	2
罅	2
罍	2
罟	2
罭	2
羑	2
羝	2
翎	2
翛	2
翲	2
翿	2
耇	2
耰	2
耼	2
聱	2
肛	2
肸	2
胯	2
胾	2
脉	2
脯	2
腨	2
臙	2
臞	2
臧	2
舖	2
舴	2
艇	2
艋	2
艪	2
艷	2
芘	2
芾	2
苐	2
苒	2
茀	2
茁	2
茆	2
茇	2
荀	2
荇	2
荳	2
莉	2
莪	2
莵	2
菀	2
菑	2
菠	2
菶	2
萋	2
萸	2
葘	2
葳	2
葴	2
蒞	2
蒟	2
蒻	2
蓀	2
蓆	2
蓊	2
蓍	2
蓙	2
蓿	2
蔘	2
蔟	2
蕁	2
蕘	2
薅	2
薤	2
藎	2
藟	2
藿	2
蘧	2
蘸	2
虆	2
蚄	2
蚣	2
蚩	2
蚰	2
蛆	2
蛩	2
蛯	2
蛻	2
蜈	2
蜒	2
蜚	2
蜴	2
蜺	2
蝤	2
蝨	2
蝮	2
蟆	2
蟉	2
蟣	2
蟬	2
蟸	2
蠆	2
蠉	2
蠓	2
蠜	2
蠟	2
蠹	2
衂	2
衹	2
衺	2
衽	2
袪	2
袿	2
裛	2
裵	2
褁	2
褓	2
褺	2
襍	2
襜	2
襯	2
襷	2
觥	2
觩	2
觱	2
觿	2
訐	2
詡	2
誐	2
誧	2
誾	2
諟	2
謄	2
謌	2
謚	2
譔	2
譖	2
谺	2
豝	2
豨	2
豭	2
豳	2
豻	2
貅	2
賒	2
賕	2
賺	2
賻	2
贏	2
赧	2
赬	2
趠	2
趫	2
趯	2
跖	2
踟	2
踢	2
踵	2
蹋	2
蹢	2
躄	2
躋	2
躱	2
軏	2
軓	2
軛	2
軝	2
軼	2
輖	2
輧	2
輨	2
輳	2
轔	2
轞	2
轢	2
辣	2
辤	2
辮	2
迤	2
迨	2
迪	2
迭	2
週	2
遴	2
邐	2
邙	2
郗	2
郯	2
鄂	2
鄔	2
鄘	2
鄞	2
鄠	2
鄡	2
鄷	2
鄹	2
酤	2
酧	2
酪	2
醃	2
醎	2
醲	2
醻	2
釂	2
釗	2
釧	2
釵	2
鈛	2
鈷	2
鉉	2
鉋	2
鉎	2
鉞	2
鉠	2
鉱	2
銑	2
銕	2
銛	2
銳	2
鋌	2
鋨	2
鋩	2
鍍	2
鍧	2
鍳	2
鎈	2
鎚	2
鎣	2
鎸	2
鏊	2
鏌	2
鏜	2
鏶	2
鐔	2
鐡	2
鑁	2
鑷	2
鑼	2
鑾	2
閖	2
閥	2
閩	2
闃	2
闈	2
闉	2
闤	2
阝	2
陘	2
陼	2
隃	2
隲	2
雋	2
雎	2
雚	2
靎	2
靨	2
靫	2
靳	2
靸	2
鞏	2
鞲	2
鞺	2
鞾	2
鞿	2
韂	2
韤	2
頏	2
頚	2
頫	2
頰	2
頹	2
顒	2
顓	2
顥	2
顴	2
颰	2
飁	2
飃	2
飪	2
餗	2
餛	2
餦	2
餮	2
餲	2
饕	2
馘	2
駙	2
駸	2
騂	2
騈	2
騏	2
騛	2
騤	2
騮	2
驊	2
骭	2
骰	2
骼	2
髥	2
髩	2
髫	2
髱	2
髴	2
髼	2
髽	2
髿	2
鬒	2
魍	2
魎	2
魗	2
鯑	2
鯒	2
鯤	2
鯫	2
鰒	2
鰣	2
鰩	2
鰲	2
鱏	2
鱪	2
鱶	2
鳲	2
鳷	2
鴃	2
鴒	2
鴣	2
鴪	2
鵐	2
鵒	2
鵡	2
鵩	2
鵭	2
鵯	2
鵷	2
鵾	2
鶄	2
鶆	2
鶚	2
鶩	2
鶬	2
鷰	2
鷴	2
鸃	2
鸘	2
鸛	2
鸜	2
鸝	2
麃	2
麈	2
麌	2
麞	2
黏	2
黷	2
鼃	2
鼐	2
鼕	2
鼙	2
鼯	2
齗	2
齩	2
龓	2
龝	2
練	2
隆	2
﨑	2
精	2
器	2
海	2
＞	2
𤇆	2
𤋎	2
𤾣	2
?	1
A	1
□	1
゛	1
ㄴ	1
ㄷ	1
ㄹ	1
ㅁ	1
ㅂ	1
ㅅ	1
ㅇ	1
ㅈ	1
ㅊ	1
ㅋ	1
ㅌ	1
ㅍ	1
ㅎ	1
ㅏ	1
ㅗ	1
ㅜ	1
ㅡ	1
ㅣ	1
ㅿ	1
ㆁ	1
ㆆ	1
ㆍ	1
ㇳ	1
ㇵ	1
㐫	1
㒓	1
㓟	1
㔺	1
㖧	1
㖵	1
㗚	1
㚑	1
㝢	1
㟎	1
㠑	1
㠯	1
㡌	1
㤢	1
㤿	1
㥽	1
㨖	1
㪽	1
㮇	1
㮣	1
㰅	1
㰠	1
㱕	1
㲪	1
㵱	1
㺚	1
㻞	1
㽟	1
䂓	1
䅞	1
䆮	1
䏣	1
䐈	1
䒫	1
䒷	1
䕲	1
䖍	1
䗍	1
䘏	1
䚧	1
䜌	1
䤅	1
䫘	1
䬠	1
䱡	1
䲙	1
䳏	1
丱	1
亍	1
仡	1
仭	1
仵	1
仼	1
伋	1
伜	1
佀	1
佖	1
佚	1
佷	1
佺	1
佻	1
侀	1
侖	1
侗	1
俅	1
俆	1
俙	1
俜	1
俠	1
俺	1
倀	1
倐	1
倕	1
倨	1
倮	1
倰	1
偓	1
偟	1
偫	1
偯	1
偲	1
傈	1
傱	1
僎	1
僶	1
僽	1
儓	1
儗	1
册	1
冕	1
冘	1
冝	1
冪	1
冴	1
凓	1
凧	1
凩	1
刅	1
刖	1
删	1
刲	1
剌	1
剞	1
剶	1
劂	1
劄	1
劈	1
勔	1
勡	1
勣	1
匀	1
匃	1
匆	1
匈	1
匵	1
卆	1
卉	1
卍	1
卥	1
卭	1
卹	1
卼	1
厮	1
叨	1
吶	1
呢	1
呦	1
呬	1
呷	1
呹	1
咉	1
咊	1
咠	1
咩	1
咭	1
咷	1
哄	1
哿	1
唅	1
唆	1
唎	1
唫	1
唶	1
啁	1
啇	1
啐	1
啷	1
啿	1
喆	1
喇	1
喑	1
喔	1
喤	1
喭	1
喻	1
嗃	1
嗄	1
嗑	1
嘄	1
嘏	1
嘐	1
嘑	1
嘹	1
嘿	1
噁	1
噍	1
噏	1
噤	1
噩	1
噭	1
嚆	1
嚊	1
嚚	1
嚥	1
嚾	1
囋	1
囐	1
囕	1
囝	1
囱	1
圈	1
圗	1
圯	1
圻	1
坫	1
坴	1
坷	1
坼	1
垶	1
埜	1
埢	1
埭	1
埶	1
埽	1
埿	1
堓	1
堦	1
堨	1
塒	1
塕	1
塢	1
塼	1
塾	1
塿	1
墎	1
墩	1
墿	1
壃	1
壒	1
壖	1
壚	1
夤	1
夬	1
夯	1
夲	1
奡	1
奩	1
奰	1
妉	1
妤	1
妯	1
姍	1
姒	1
姮	1
娀	1
娉	1
婀	1
婇	1
婌	1
婓	1
婕	1
婾	1
媓	1
媳	1
媸	1
嫣	1
嫫	1
嫭	1
嫵	1
嬋	1
嬙	1
嬲	1
嬴	1
嬶	1
孁	1
孅	1
孛	1
孱	1
孽	1
宂	1
宓	1
寁	1
寠	1
寣	1
寰	1
寳	1
尞	1
尢	1
尨	1
尩	1
尫	1
屆	1
屮	1
岋	1
岠	1
岭	1
峋	1
峒	1
峛	1
峽	1
崗	1
崝	1
崟	1
崢	1
崤	1
崺	1
崿	1
嵈	1
嵏	1
嵔	1
嵱	1
嵳	1
嵷	1
嵾	1
嶂	1
嶅	1
嶇	1
嶉	1
嶊	1
嶜	1
嶟	1
嶢	1
嶧	1
巆	1
巗	1
巘	1
巠	1
巤	1
巿	1
帀	1
帕	1
帤	1
帬	1
幌	1
幐	1
幬	1
庥	1
庻	1
廋	1
廏	1
廐	1
廕	1
廙	1
廡	1
廨	1
廪	1
廱	1
弆	1
弇	1
弖	1
彀	1
彄	1
彆	1
彋	1
彏	1
彖	1
徤	1
忡	1
忤	1
忮	1
忱	1
忼	1
怗	1
怫	1
怮	1
怵	1
恊	1
恖	1
恫	1
悁	1
悃	1
悇	1
悊	1
悕	1
悛	1
悰	1
悱	1
悴	1
惄	1
惏	1
惕	1
惝	1
惲	1
惺	1
愊	1
愎	1
愒	1
愡	1
愨	1
愵	1
愶	1
慂	1
慘	1
慫	1
慽	1
憇	1
憕	1
憨	1
憮	1
懅	1
懌	1
懍	1
懜	1
懝	1
懢	1
懹	1
戇	1
戔	1
戹	1
扄	1
扆	1
扐	1
扑	1
扚	1
扞	1
扠	1
扯	1
扴	1
扷	1
抁	1
抃	1
抅	1
抆	1
抦	1
抴	1
抶	1
抾	1
拐	1
挏	1
挐	1
挮	1
捋	1
捎	1
捏	1
捴	1
掄	1
掎	1
揜	1
揰	1
搆	1
搊	1
搓	1
搥	1
搩	1
搯	1
搰	1
搵	1
摖	1
摗	1
摚	1
摯	1
摳	1
摴	1
摻	1
摼	1
撝	1
撟	1
撣	1
撾	1
擥	1
擷	1
攃	1
攏	1
攖	1
攢	1
攴	1
敡	1
斁	1
斈	1
斕	1
斠	1
斨	1
斿	1
旐	1
旓	1
旖	1
旟	1
昈	1
昤	1
昻	1
晲	1
晷	1
暌	1
暐	1
暭	1
暵	1
曁	1
曈	1
曛	1
曫	1
朅	1
朏	1
朞	1
朾	1
杇	1
杙	1
杦	1
杴	1
枒	1
枢	1
枽	1
柍	1
柙	1
柝	1
柤	1
栝	1
桛	1
桭	1
桷	1
桼	1
桾	1
梏	1
梲	1
棋	1
棐	1
棕	1
棖	1
棣	1
棳	1
棷	1
椄	1
楑	1
楔	1
楙	1
楛	1
楜	1
楝	1
楤	1
楪	1
楮	1
楱	1
楴	1
楺	1
榕	1
榘	1
榜	1
榪	1
榱	1
榷	1
榿	1
槇	1
槖	1
槗	1
槛	1
槞	1
槢	1
槧	1
槩	1
槲	1
樔	1
樸	1
樻	1
樾	1
橃	1
橐	1
橒	1
橛	1
橝	1
橧	1
檉	1
檋	1
檍	1
檟	1
櫁	1
櫄	1
櫑	1
櫟	1
櫬	1
欇	1
欑	1
欒	1
欫	1
欷	1
欹	1
歃	1
歆	1
歉	1
歗	1
歙	1
歛	1
歠	1
歹	1
殂	1
殍	1
殪	1
殲	1
氀	1
氂	1
氓	1
汔	1
汩	1
沁	1
沇	1
沑	1
沘	1
沚	1
沬	1
沶	1
泑	1
泗	1
泚	1
洎	1
洶	1
浼	1
涊	1
涏	1
涖	1
涪	1
淒	1
淖	1
淙	1
淟	1
淬	1
淯	1
渊	1
渧	1
渼	1
湃	1
溘	1
溷	1
滁	1
滃	1
滇	1
滍	1
滎	1
滏	1
滷	1
滻	1
漑	1
漩	1
漰	1
漵	1
漷	1
漻	1
潑	1
潒	1
潚	1
潴	1
潼	1
澁	1
澥	1
濎	1
濨	1
濵	1
濾	1
瀋	1
瀌	1
瀚	1
瀰	1
瀾	1
灎	1
灔	1
灵	1
炕	1
烋	1
烔	1
烕	1
烮	1
焜	1
焯	1
煏	1
煑	1
煜	1
熂	1
燦	1
燾	1
爚	1
爻	1
牣	1
牥	1
牴	1
牼	1
牿	1
犒	1
犧	1
狖	1
狚	1
狰	1
狵	1
狿	1
猅	1
猋	1
猘	1
猻	1
獏	1
獒	1
獬	1
獰	1
獱	1
獷	1
玫	1
玷	1
玻	1
珈	1
琁	1
琊	1
琬	1
琮	1
琱	1
瑀	1
瑛	1
璲	1
璹	1
瓖	1
瓴	1
瓵	1
瓷	1
甖	1
甦	1
甬	1
甿	1
畚	1
畬	1
畭	1
畹	1
畾	1
疉	1
疌	1
疝	1
痊	1
痳	1
痾	1
瘁	1
瘥	1
瘰	1
瘼	1
癢	1
癯	1
癲	1
皂	1
皖	1
皙	1
皞	1
皦	1
皸	1
皹	1
盱	1
眈	1
眚	1
眛	1
眥	1
眴	1
眵	1
眶	1
眽	1
睃	1
睇	1
睚	1
睛	1
睞	1
睟	1
睥	1
瞂	1
瞥	1
瞪	1
瞵	1
瞶	1
矗	1
矟	1
砆	1
砦	1
砺	1
硐	1
硬	1
碌	1
碍	1
碔	1
碭	1
磑	1
磧	1
礦	1
礴	1
礿	1
祅	1
祊	1
祛	1
祼	1
禖	1
禘	1
禧	1
秊	1
稃	1
稅	1
稫	1
穄	1
穅	1
穾	1
窆	1
窖	1
窞	1
窯	1
窳	1
窿	1
站	1
竢	1
笁	1
笒	1
笧	1
筤	1
筦	1
筯	1
筳	1
箙	1
箚	1
箟	1
篗	1
篲	1
篷	1
篼	1
簇	1
簌	1
簓	1
簔	1
簟	1
簦	1
簧	1
簳	1
籆	1
籤	1
籯	1
籰	1
籲	1
粂	1
粖	1
粺	1
糄	1
糈	1
糚	1
糫	1
糲	1
紏	1
紑	1
紓	1
紕	1
紜	1
紭	1
紱	1
紾	1
紿	1
絙	1
絛	1
絢	1
絧	1
絪	1
絯	1
綌	1
綎	1
綖	1
綣	1
綨	1
綩	1
緁	1
緡	1
緪	1
縉	1
縋	1
縍	1
縕	1
縗	1
縜	1
縟	1
繃	1
繄	1
繝	1
繢	1
繧	1
繯	1
繾	1
纆	1
纖	1
罘	1
罜	1
罝	1
罠	1
罼	1
罾	1
羃	1
羇	1
羖	1
羙	1
羚	1
羛	1
翆	1
翇	1
翊	1
翍	1
翣	1
翬	1
翯	1
翾	1
耊	1
耎	1
耩	1
耫	1
耬	1
耴	1
肄	1
肕	1
肜	1
肪	1
胊	1
胏	1
胭	1
胮	1
胱	1
胻	1
胼	1
脔	1
脕	1
脗	1
脢	1
脰	1
脹	1
腊	1
腓	1
腬	1
膀	1
膍	1
膢	1
膲	1
臊	1
臐	1
臑	1
臲	1
舐	1
舳	1
舵	1
舷	1
艎	1
艑	1
艚	1
艡	1
芡	1
芣	1
芩	1
芷	1
芼	1
苜	1
苪	1
苵	1
苷	1
茙	1
茦	1
茭	1
茴	1
茼	1
荃	1
荄	1
莄	1
莓	1
莔	1
莘	1
莠	1
莾	1
菇	1
菉	1
菝	1
菹	1
菽	1
萆	1
萏	1
萓	1
萳	1
萵	1
葆	1
葍	1
葜	1
葫	1
葶	1
葷	1
葽	1
蓁	1
蓂	1
蓈	1
蓏	1
蓧	1
蔆	1
蔣	1
蕂	1
蕆	1
蕑	1
蕕	1
蕖	1
蕙	1
蕣	1
蕳	1
蕺	1
薁	1
薝	1
薶	1
薷	1
薸	1
藋	1
藘	1
藭	1
蘅	1
蘘	1
蘡	1
蘢	1
蘩	1
蘰	1
虀	1
虒	1
虓	1
虗	1
虡	1
虣	1
虨	1
虩	1
虵	1
虺	1
蚶	1
蚸	1
蚺	1
蛀	1
蛁	1
蛅	1
蛕	1
蛞	1
蛥	1
蜊	1
蜍	1
蜐	1
蜥	1
蜩	1
蜾	1
蜿	1
蝓	1
蝣	1
螇	1
螉	1
螖	1
螗	1
螟	1
螣	1
螫	1
螮	1
螽	1
螿	1
蟊	1
蟛	1
蟜	1
蟟	1
蟪	1
蟫	1
蠁	1
蠈	1
蠍	1
蠏	1
蠛	1
蠧	1
蠮	1
蠵	1
蠺	1
衕	1
衜	1
袙	1
袠	1
袳	1
裓	1
裠	1
裯	1
褅	1
褚	1
褫	1
褻	1
襌	1
襗	1
襞	1
襭	1
襹	1
覦	1
覯	1
觧	1
觹	1
觼	1
訃	1
訒	1
訕	1
訧	1
詁	1
詖	1
詘	1
詬	1
詴	1
詼	1
諄	1
諉	1
諡	1
諳	1
諻	1
謦	1
謾	1
譍	1
譟	1
讂	1
讖	1
谽	1
豇	1
豉	1
豏	1
豢	1
豬	1
豶	1
豸	1
豼	1
貆	1
貔	1
賠	1
賮	1
賵	1
賷	1
賸	1
贇	1
赳	1
趁	1
趄	1
趐	1
趒	1
趭	1
跇	1
跚	1
跢	1
跲	1
踆	1
踒	1
踔	1
踖	1
踝	1
踦	1
踪	1
踴	1
蹐	1
蹜	1
蹠	1
蹣	1
躔	1
躚	1
躞	1
躩	1
軥	1
軨	1
軮	1
軺	1
輈	1
輊	1
輓	1
輣	1
輮	1
輵	1
輹	1
轃	1
轏	1
轗	1
轘	1
轠	1
辴	1
迓	1
迮	1
迯	1
迾	1
适	1
逖	1
逡	1
逬	1
逰	1
遖	1
遹	1
邅	1
邡	1
邳	1
邾	1
郛	1
郰	1
郴	1
鄗	1
鄣	1
鄫	1
鄮	1
鄯	1
鄱	1
鄳	1
鄽	1
酃	1
酆	1
酡	1
酲	1
酹	1
酺	1
醁	1
醄	1
醆	1
醊	1
醘	1
醮	1
醵	1
醺	1
醼	1
醽	1
醿	1
釁	1
釄	1
釆	1
釐	1
釬	1
釱	1
釿	1
鈇	1
鈐	1
鈒	1
鈬	1
鈸	1
鉀	1
鉐	1
鉶	1
銃	1
銎	1
銓	1
銶	1
鋈	1
鋘	1
鋟	1
鋲	1
錂	1
錆	1
錕	1
錮	1
鍊	1
鍑	1
鍒	1
鍚	1
鍪	1
鎁	1
鎊	1
鏇	1
鏉	1
鏝	1
鏞	1
鏟	1
鏥	1
鐉	1
鐐	1
鐓	1
鐗	1
鐶	1
鑌	1
鑕	1
鑛	1
鑣	1
钀	1
镼	1
閌	1
閞	1
閬	1
閹	1
闋	1
闑	1
闓	1
闖	1
闛	1
闠	1
阨	1
阬	1
阯	1
阹	1
阼	1
阽	1
陁	1
陡	1
陬	1
陻	1
隒	1
隓	1
隝	1
隥	1
雊	1
雝	1
霅	1
霈	1
霔	1
霙	1
霪	1
霫	1
霶	1
霼	1
靚	1
靦	1
靪	1
靶	1
靿	1
鞃	1
鞉	1
鞚	1
鞣	1
鞤	1
鞫	1
鞬	1
鞶	1
鞹	1
鞽	1
韁	1
韈	1
韉	1
韔	1
韙	1
韜	1
韝	1
韰	1
頁	1
頄	1
頍	1
頎	1
頞	1
頮	1
顇	1
顊	1
顋	1
顱	1
颪	1
颵	1
颸	1
飅	1
飆	1
飍	1
餃	1
餈	1
餔	1
餤	1
餬	1
餭	1
餱	1
餳	1
餴	1
餹	1
餺	1
餼	1
餽	1
饐	1
饜	1
饞	1
馗	1
馣	1
馵	1
馺	1
駃	1
駊	1
駍	1
駖	1
駛	1
駢	1
駾	1
騀	1
騅	1
騢	1
騣	1
騧	1
驁	1
驄	1
驎	1
驞	1
驤	1
驩	1
驫	1
髁	1
髃	1
髆	1
髒	1
髠	1
髡	1
髢	1
髣	1
髺	1
鬆	1
鬌	1
鬛	1
鬠	1
鬨	1
鬩	1
魃	1
魋	1
魖	1
魟	1
魴	1
魼	1
鮅	1
鮆	1
鮇	1
鮐	1
鮗	1
鮬	1
鮲	1
鯁	1
鯎	1
鯯	1
鯱	1
鰍	1
鰔	1
鰛	1
鰷	1
鰾	1
鱁	1
鱅	1
鱆	1
鱊	1
鱓	1
鱚	1
鱝	1
鱨	1
鱮	1
鱺	1
鳽	1
鴆	1
鴐	1
鴘	1
鴝	1
鴹	1
鴽	1
鴾	1
鵄	1
鵉	1
鵫	1
鵰	1
鵺	1
鵼	1
鵽	1
鶊	1
鶍	1
鶖	1
鶡	1
鶫	1
鶺	1
鶼	1
鷃	1
鷉	1
鷖	1
鷘	1
鷙	1
鷤	1
鸊	1
鸑	1
麇	1
麏	1
麕	1
麛	1
麪	1
麯	1
麰	1
麾	1
黌	1
黐	1
黤	1
黥	1
黦	1
黲	1
黶	1
黼	1
黽	1
鼊	1
鼗	1
鼴	1
鼺	1
齏	1
齓	1
齕	1
齚	1
齲	1
蓮	1
遼	1
益	1
墨	1
層	1
琢	1
社	1
祈	1
祐	1
贈	1
，	1
－	1
２	1
Ｏ	1
ｓ	1
𠬜	1
𡁠	1
𡄇	1
𡈽	1
𡻬	1
𢊃	1
𢳣	1
𣇃	1
𣉊	1
𣏐	1
𣕋	1
𣠞	1
𣴎	1
𣴟	1
𣶂	1
𤇟	1
𤍽	1
𤓯	1
𤝔	1
𤢌	1
𤹠	1
𥉈	1
𥝐	1
𥱼	1
𥶡	1
𦏺	1
𦒳	1
𦚟	1
𦚰	1
𦽵	1
𧂐	1
𧥮	1
𨄅	1
𨖛	1
𨡭	1
𨫒	1
𨶳	1
𩞀	1
𩵔	1
𩷚	1
𩹵	1
𬻿	1
